{
	"credit": "Made by Ecorn",
	"textures": {
		"0": "block/acacia_door_top",
		"particle": "block/acacia_door_top",
		"1_0": "block/acacia_door_bottom"
	},
	"elements": [
		{
			"from": [0, 0, 0],
			"to": [3, 3, 16],
			"faces": {
				"north": {"uv": [13, 13, 16, 16], "texture": "#1_0"},
				"east": {"uv": [0, 13, 16, 16], "texture": "#1_0"},
				"south": {"uv": [0, 13, 3, 16], "texture": "#1_0"},
				"west": {"uv": [16, 13, 0, 16], "texture": "#1_0"},
				"up": {"uv": [0, 13, 16, 16], "rotation": 270, "texture": "#1_0"},
				"down": {"uv": [0, 13, 16, 16], "rotation": 90, "texture": "#1_0"}
			}
		},
		{
			"from": [0, 15, 0],
			"to": [3, 16, 16],
			"faces": {
				"north": {"uv": [13, 1, 16, 2], "texture": "#1_0"},
				"east": {"uv": [0, 0, 16, 1], "texture": "#1_0"},
				"south": {"uv": [0, 0, 3, 1], "texture": "#1_0"},
				"west": {"uv": [16, 0, 0, 1], "texture": "#1_0"},
				"down": {"uv": [0, 13, 16, 16], "rotation": 90, "texture": "#1_0"}
			}
		},
		{
			"from": [0, 3, 13],
			"to": [3, 15, 16],
			"faces": {
				"north": {"uv": [13, 1, 16, 13], "texture": "#1_0"},
				"east": {"uv": [0, 1, 3, 13], "texture": "#1_0"},
				"south": {"uv": [0, 1, 3, 13], "texture": "#1_0"},
				"west": {"uv": [3, 1, 0, 13], "texture": "#1_0"}
			}
		},
		{
			"from": [0, 3, 0],
			"to": [3, 15, 3],
			"faces": {
				"north": {"uv": [13, 2, 16, 14], "texture": "#1_0"},
				"east": {"uv": [13, 1, 16, 13], "texture": "#1_0"},
				"south": {"uv": [16, 1, 13, 13], "texture": "#1_0"},
				"west": {"uv": [16, 1, 13, 13], "texture": "#1_0"}
			}
		},
		{
			"from": [0, 3, 5],
			"to": [3, 15, 7],
			"faces": {
				"north": {"uv": [13, 1, 16, 13], "texture": "#1_0"},
				"east": {"uv": [9, 1, 11, 13], "texture": "#1_0"},
				"south": {"uv": [13, 1, 16, 13], "texture": "#1_0"},
				"west": {"uv": [7, 1, 5, 13], "texture": "#1_0"}
			}
		},
		{
			"from": [0, 3, 9],
			"to": [3, 15, 11],
			"faces": {
				"north": {"uv": [13, 1, 16, 13], "texture": "#1_0"},
				"east": {"uv": [5, 1, 7, 13], "texture": "#1_0"},
				"south": {"uv": [13, 1, 16, 13], "texture": "#1_0"},
				"west": {"uv": [11, 1, 9, 13], "texture": "#1_0"}
			}
		},
		{
			"from": [0, 16, 0],
			"to": [3, 17, 16],
			"faces": {
				"north": {"uv": [13, 14, 16, 15], "texture": "#0"},
				"east": {"uv": [0, 15, 16, 16], "texture": "#0"},
				"south": {"uv": [0, 15, 3, 16], "texture": "#0"},
				"west": {"uv": [16, 15, 0, 16], "texture": "#0"},
				"up": {"uv": [13, 0, 16, 16], "texture": "#0"}
			}
		},
		{
			"from": [0, 29, 0],
			"to": [3, 32, 16],
			"faces": {
				"north": {"uv": [13, 0, 16, 3], "texture": "#0"},
				"east": {"uv": [0, 0, 16, 3], "texture": "#0"},
				"south": {"uv": [0, 0, 3, 3], "texture": "#0"},
				"west": {"uv": [16, 0, 0, 3], "texture": "#0"},
				"up": {"uv": [0, 0, 16, 3], "rotation": 90, "texture": "#0"},
				"down": {"uv": [13, 0, 16, 16], "texture": "#0"}
			}
		},
		{
			"from": [0, 17, 0],
			"to": [3, 29, 3],
			"faces": {
				"north": {"uv": [13, 3, 16, 15], "texture": "#0"},
				"east": {"uv": [13, 3, 16, 15], "texture": "#0"},
				"south": {"uv": [13, 2, 16, 14], "texture": "#0"},
				"west": {"uv": [16, 3, 13, 15], "texture": "#0"}
			}
		},
		{
			"from": [0, 17, 13],
			"to": [3, 29, 16],
			"faces": {
				"north": {"uv": [13, 1, 16, 13], "texture": "#0"},
				"east": {"uv": [0, 3, 3, 15], "texture": "#0"},
				"south": {"uv": [0, 3, 3, 15], "texture": "#0"},
				"west": {"uv": [3, 3, 0, 15], "texture": "#0"}
			}
		},
		{
			"from": [0, 17, 9],
			"to": [3, 29, 11],
			"faces": {
				"north": {"uv": [13, 3, 16, 15], "texture": "#0"},
				"east": {"uv": [5, 3, 7, 15], "texture": "#0"},
				"south": {"uv": [13, 2, 16, 14], "texture": "#0"},
				"west": {"uv": [11, 3, 9, 15], "texture": "#0"}
			}
		},
		{
			"from": [0, 17, 5],
			"to": [3, 29, 7],
			"faces": {
				"north": {"uv": [13, 2, 16, 14], "texture": "#0"},
				"east": {"uv": [9, 3, 11, 15], "texture": "#0"},
				"south": {"uv": [13, 2, 16, 14], "texture": "#0"},
				"west": {"uv": [7, 3, 5, 15], "texture": "#0"}
			}
		},
		{
			"from": [3, 15, 1],
			"to": [3.5, 16, 2],
			"faces": {
				"north": {"uv": [14, 0, 15, 1], "texture": "#1_0"},
				"east": {"uv": [14, 0, 15, 1], "texture": "#1_0"},
				"south": {"uv": [14, 0, 15, 1], "texture": "#1_0"},
				"down": {"uv": [14, 0, 15, 1], "texture": "#1_0"}
			}
		},
		{
			"from": [-0.5, 15, 1],
			"to": [0, 16, 2],
			"faces": {
				"north": {"uv": [14, 0, 15, 1], "texture": "#1_0"},
				"south": {"uv": [14, 0, 15, 1], "texture": "#1_0"},
				"west": {"uv": [14, 0, 15, 1], "texture": "#1_0"},
				"down": {"uv": [14, 0, 15, 1], "texture": "#1_0"}
			}
		},
		{
			"from": [3, 16, 1],
			"to": [3.5, 17, 4],
			"faces": {
				"north": {"uv": [14, 15, 15, 16], "texture": "#0"},
				"east": {"uv": [12, 15, 15, 16], "texture": "#0"},
				"south": {"uv": [12, 15, 13, 16], "texture": "#0"},
				"up": {"uv": [12, 15, 15, 16], "rotation": 270, "texture": "#0"},
				"down": {"uv": [12, 15, 15, 16], "rotation": 90, "texture": "#0"}
			}
		},
		{
			"from": [-0.5, 16, 1],
			"to": [0, 17, 4],
			"faces": {
				"north": {"uv": [12, 15, 13, 16], "texture": "#0"},
				"south": {"uv": [14, 15, 15, 16], "texture": "#0"},
				"west": {"uv": [12, 15, 15, 16], "texture": "#0"},
				"up": {"uv": [12, 15, 15, 16], "rotation": 90, "texture": "#0"},
				"down": {"uv": [12, 15, 15, 16], "rotation": 270, "texture": "#0"}
			}
		}
	],
	"display": {
		"thirdperson_righthand": {
			"rotation": [40, 50, 0],
			"translation": [0, 1, 0],
			"scale": [0.22, 0.22, 0.22]
		},
		"thirdperson_lefthand": {
			"rotation": [40, 50, 0],
			"translation": [0, -1.5, 0],
			"scale": [0.22, 0.22, 0.22]
		},
		"firstperson_righthand": {
			"rotation": [-22, 30, 0],
			"translation": [0, 1, 4],
			"scale": [0.25, 0.25, 0.25]
		},
		"firstperson_lefthand": {
			"rotation": [-16, 30, 0],
			"translation": [0, 1.5, 3],
			"scale": [0.25, 0.25, 0.25]
		},
		"ground": {
			"translation": [2, 3, 0],
			"scale": [0.25, 0.25, 0.25]
		},
		"gui": {
			"rotation": [30, 225, 0],
			"translation": [-2.5, -4.1, 0],
			"scale": [0.45, 0.45, 0.45]
		},
		"fixed": {
			"rotation": [0, -90, 0],
			"translation": [0, -3.5, 2.5],
			"scale": [0.5, 0.5, 0.5]
		}
	},
	"groups": [
		{
			"name": "acacia_door_bottom",
			"origin": [8, 8, 8],
			"color": 0,
			"children": [0, 1, 2, 3, 4, 5]
		},
		{
			"name": "acacia_door_top",
			"origin": [8, 8, 8],
			"color": 0,
			"children": [6, 7, 8, 9, 10, 11]
		},
		12,
		13,
		14,
		15
	]
}