{
	"credit": "Made by Ecorn",
	"textures": {
		"0": "block/birch_door_top",
		"particle": "block/birch_door_bottom"
	},
	"elements": [
		{
			"from": [0, 16, 0],
			"to": [3, 32, 3],
			"faces": {
				"north": {"uv": [0, 0, 16, 3], "rotation": 90, "texture": "#0"},
				"east": {"uv": [13, 0, 16, 16], "texture": "#0"},
				"south": {"uv": [13, 0, 14, 16], "texture": "#0"},
				"west": {"uv": [16, 0, 13, 16], "texture": "#0"},
				"up": {"uv": [13, 0, 16, 3], "rotation": 270, "texture": "#0"}
			}
		},
		{
			"from": [0, 16, 13],
			"to": [3, 32, 16],
			"faces": {
				"north": {"uv": [2, 0, 3, 16], "texture": "#0"},
				"east": {"uv": [0, 0, 3, 16], "texture": "#0"},
				"south": {"uv": [3, 0, 0, 16], "texture": "#0"},
				"west": {"uv": [3, 0, 0, 16], "texture": "#0"},
				"up": {"uv": [0, 0, 3, 3], "rotation": 270, "texture": "#0"}
			}
		},
		{
			"from": [0, 29, 3],
			"to": [3, 32, 13],
			"faces": {
				"east": {"uv": [3, 0, 13, 3], "texture": "#0"},
				"west": {"uv": [13, 0, 3, 3], "texture": "#0"},
				"up": {"uv": [13, 4, 16, 14], "texture": "#0"},
				"down": {"uv": [3, 1, 13, 2], "texture": "#0"}
			}
		},
		{
			"from": [1, 16, 3],
			"to": [2, 29, 13],
			"faces": {
				"east": {"uv": [3, 3, 13, 16], "texture": "#0"},
				"west": {"uv": [13, 3, 3, 16], "texture": "#0"}
			}
		},
		{
			"from": [3, 16, 1],
			"to": [3.5, 18, 2],
			"faces": {
				"north": {"uv": [14, 14, 15, 16], "texture": "#0"},
				"east": {"uv": [14, 14, 15, 16], "texture": "#0"},
				"south": {"uv": [14, 14, 15, 16], "texture": "#0"},
				"up": {"uv": [14, 14, 15, 15], "rotation": 180, "texture": "#0"},
				"down": {"uv": [14, 15, 15, 16], "rotation": 180, "texture": "#0"}
			}
		},
		{
			"from": [-0.5, 16, 1],
			"to": [0, 18, 2],
			"faces": {
				"north": {"uv": [14, 14, 15, 16], "texture": "#0"},
				"south": {"uv": [14, 14, 15, 16], "texture": "#0"},
				"west": {"uv": [14, 14, 15, 16], "texture": "#0"},
				"up": {"uv": [14, 14, 15, 15], "rotation": 180, "texture": "#0"},
				"down": {"uv": [14, 15, 15, 16], "rotation": 180, "texture": "#0"}
			}
		},
		{
			"from": [0, 0, 0],
			"to": [3, 12, 16],
			"faces": {
				"north": {"uv": [12, 4, 15, 16], "texture": "#particle"},
				"east": {"uv": [0, 4, 16, 16], "texture": "#particle"},
				"south": {"uv": [3, 4, 0, 16], "texture": "#particle"},
				"west": {"uv": [16, 4, 0, 16], "texture": "#particle"},
				"up": {"uv": [0, 4, 16, 5], "rotation": 270, "texture": "#particle"},
				"down": {"uv": [13, 0, 16, 16], "texture": "#particle"}
			}
		},
		{
			"from": [0, 12, 0],
			"to": [3, 16, 3],
			"faces": {
				"north": {"uv": [12, 8, 9, 4], "texture": "#particle"},
				"east": {"uv": [13, 0, 16, 4], "texture": "#particle"},
				"south": {"uv": [13, 0, 14, 4], "texture": "#particle"},
				"west": {"uv": [16, 0, 13, 4], "texture": "#particle"}
			}
		},
		{
			"from": [0, 12, 13],
			"to": [3, 16, 16],
			"faces": {
				"north": {"uv": [2, 0, 3, 4], "texture": "#particle"},
				"east": {"uv": [0, 0, 3, 4], "texture": "#particle"},
				"south": {"uv": [3, 0, 0, 4], "texture": "#particle"},
				"west": {"uv": [3, 0, 0, 4], "texture": "#particle"}
			}
		},
		{
			"from": [1, 12, 3],
			"to": [2, 16, 13],
			"faces": {
				"east": {"uv": [3, 0, 13, 4], "texture": "#particle"},
				"west": {"uv": [13, 0, 3, 4], "texture": "#particle"}
			}
		}
	],
	"display": {
		"thirdperson_righthand": {
			"rotation": [40, 50, 0],
			"translation": [0, 1, 0],
			"scale": [0.22, 0.22, 0.22]
		},
		"thirdperson_lefthand": {
			"rotation": [40, 50, 0],
			"translation": [0, -1.5, 0],
			"scale": [0.22, 0.22, 0.22]
		},
		"firstperson_righthand": {
			"rotation": [-22, 30, 0],
			"translation": [0, 1, 4],
			"scale": [0.25, 0.25, 0.25]
		},
		"firstperson_lefthand": {
			"rotation": [-16, 30, 0],
			"translation": [0, 1.5, 3],
			"scale": [0.25, 0.25, 0.25]
		},
		"ground": {
			"translation": [2, 3, 0],
			"scale": [0.25, 0.25, 0.25]
		},
		"gui": {
			"rotation": [30, 225, 0],
			"translation": [-2.5, -4.1, 0],
			"scale": [0.45, 0.45, 0.45]
		},
		"fixed": {
			"rotation": [0, -90, 0],
			"translation": [0, -3.5, 2.5],
			"scale": [0.5, 0.5, 0.5]
		}
	},
	"groups": [
		0,
		1,
		2,
		3,
		4,
		5,
		{
			"name": "birch_door_bottom_hinge",
			"origin": [8, 8, 8],
			"color": 0,
			"children": [6, 7, 8, 9]
		}
	]
}