{
	"credit": "Made by Ecorn",
	"textures": {
		"2": "block/cherry_door_bottom",
		"3": "block/cherry_door_top",
		"particle": "block/cherry_door_bottom"
	},
	"elements": [
		{
			"from": [0, 0, 0],
			"to": [3, 15, 16],
			"rotation": {"angle": 0, "axis": "y", "origin": [1.5, 11.5, 8]},
			"faces": {
				"north": {"uv": [13, 1, 16, 16], "texture": "#2"},
				"east": {"uv": [0, 1, 16, 16], "texture": "#2"},
				"south": {"uv": [3, 1, 0, 16], "texture": "#2"},
				"west": {"uv": [16, 1, 0, 16], "texture": "#2"},
				"up": {"uv": [11, 0, 14, 16], "texture": "#2"},
				"down": {"uv": [0, 0, 3, 16], "texture": "#2"}
			}
		},
		{
			"from": [0, 15, 13],
			"to": [3, 16, 16],
			"rotation": {"angle": 0, "axis": "y", "origin": [1.5, 11.5, 8]},
			"faces": {
				"north": {"uv": [3, 1, 6, 2], "texture": "#2"},
				"east": {"uv": [0, 0, 3, 1], "texture": "#2"},
				"south": {"uv": [3, 0, 0, 1], "texture": "#2"},
				"west": {"uv": [3, 0, 0, 1], "texture": "#2"},
				"up": {"uv": [0, 5, 3, 8], "texture": "#2"}
			}
		},
		{
			"from": [0, 15, 0],
			"to": [3, 16, 3],
			"rotation": {"angle": 0, "axis": "y", "origin": [1.5, 11.5, 8]},
			"faces": {
				"north": {"uv": [13, 0, 16, 1], "texture": "#2"},
				"east": {"uv": [13, 0, 16, 1], "texture": "#2"},
				"south": {"uv": [3, 1, 6, 2], "texture": "#2"},
				"west": {"uv": [16, 0, 13, 1], "texture": "#2"},
				"up": {"uv": [0, 5, 3, 8], "texture": "#2"}
			}
		},
		{
			"from": [1.25, 15, 6],
			"to": [1.75, 16, 10],
			"rotation": {"angle": 0, "axis": "y", "origin": [1.5, 11.5, 8]},
			"faces": {
				"north": {"uv": [8, 0, 9, 1], "texture": "#2"},
				"east": {"uv": [6, 0, 10, 1], "texture": "#2"},
				"south": {"uv": [6, 0, 7, 1], "texture": "#2"},
				"west": {"uv": [10, 0, 6, 1], "texture": "#2"},
				"up": {"uv": [6, 0, 10, 1], "rotation": 270, "texture": "#2"}
			}
		},
		{
			"from": [1.25, 15, 11],
			"to": [1.75, 16, 13],
			"rotation": {"angle": 0, "axis": "y", "origin": [1.5, 11.5, 8]},
			"faces": {
				"north": {"uv": [4, 0, 5, 1], "texture": "#2"},
				"east": {"uv": [3, 0, 5, 1], "texture": "#2"},
				"west": {"uv": [5, 0, 3, 1], "texture": "#2"},
				"up": {"uv": [3, 0, 5, 1], "rotation": 270, "texture": "#2"}
			}
		},
		{
			"from": [1.25, 15, 3],
			"to": [1.75, 16, 5],
			"rotation": {"angle": 0, "axis": "y", "origin": [1.5, 11.5, 8]},
			"faces": {
				"east": {"uv": [11, 0, 13, 1], "texture": "#2"},
				"south": {"uv": [3, 0, 4, 1], "texture": "#2"},
				"west": {"uv": [13, 0, 11, 1], "texture": "#2"},
				"up": {"uv": [3, 0, 5, 1], "rotation": 270, "texture": "#2"}
			}
		},
		{
			"from": [-0.5, 9, 7],
			"to": [3.5, 10, 9],
			"rotation": {"angle": 0, "axis": "y", "origin": [1.5, 11.5, 8]},
			"faces": {
				"north": {"uv": [7, 6, 9, 7], "texture": "#2"},
				"east": {"uv": [7, 6, 9, 7], "texture": "#2"},
				"south": {"uv": [7, 6, 9, 7], "texture": "#2"},
				"west": {"uv": [7, 6, 9, 7], "texture": "#2"},
				"up": {"uv": [7, 6, 9, 7], "texture": "#2"},
				"down": {"uv": [7, 6, 9, 7], "texture": "#2"}
			}
		},
		{
			"from": [-0.5, 12, 7],
			"to": [3.5, 13, 9],
			"rotation": {"angle": 0, "axis": "y", "origin": [1.5, 11.5, 8]},
			"faces": {
				"north": {"uv": [9, 3, 8, 4], "texture": "#2"},
				"east": {"uv": [7, 3, 9, 4], "texture": "#2"},
				"south": {"uv": [7, 3, 8, 4], "texture": "#2"},
				"west": {"uv": [9, 3, 7, 4], "texture": "#2"},
				"up": {"uv": [9, 3, 7, 4], "rotation": 90, "texture": "#2"},
				"down": {"uv": [7, 3, 9, 4], "texture": "#2"}
			}
		},
		{
			"from": [-0.5, 10, 6],
			"to": [3.5, 12, 7],
			"rotation": {"angle": 0, "axis": "y", "origin": [1.5, 11.5, 8]},
			"faces": {
				"north": {"uv": [7, 6, 9, 7], "rotation": 180, "texture": "#2"},
				"east": {"uv": [7, 6, 9, 7], "rotation": 90, "texture": "#2"},
				"south": {"uv": [7, 6, 9, 7], "texture": "#2"},
				"west": {"uv": [7, 6, 9, 7], "rotation": 270, "texture": "#2"},
				"up": {"uv": [7, 6, 9, 7], "texture": "#2"},
				"down": {"uv": [7, 6, 9, 7], "rotation": 180, "texture": "#2"}
			}
		},
		{
			"from": [-0.5, 10, 9],
			"to": [3.5, 12, 10],
			"rotation": {"angle": 0, "axis": "y", "origin": [1.5, 11.5, 8]},
			"faces": {
				"north": {"uv": [7, 3, 9, 4], "rotation": 90, "texture": "#2"},
				"east": {"uv": [7, 3, 9, 4], "rotation": 90, "texture": "#2"},
				"south": {"uv": [7, 3, 9, 4], "rotation": 90, "texture": "#2"},
				"west": {"uv": [9, 3, 7, 4], "rotation": 270, "texture": "#2"},
				"up": {"uv": [7, 3, 8, 4], "texture": "#2"},
				"down": {"uv": [8, 3, 9, 4], "rotation": 180, "texture": "#2"}
			}
		},
		{
			"from": [0, 16, 13],
			"to": [3, 28, 16],
			"rotation": {"angle": 0, "axis": "y", "origin": [1.5, 11.5, 8]},
			"faces": {
				"north": {"uv": [3, 0, 15, 3], "rotation": 90, "texture": "#3"},
				"east": {"uv": [0, 4, 3, 16], "texture": "#3"},
				"south": {"uv": [3, 4, 0, 16], "texture": "#3"},
				"west": {"uv": [3, 4, 0, 16], "texture": "#3"},
				"down": {"uv": [0, 0, 3, 3], "rotation": 180, "texture": "#3"}
			}
		},
		{
			"from": [0, 28, 0],
			"to": [3, 32, 16],
			"rotation": {"angle": 0, "axis": "y", "origin": [1.5, 11.5, 8]},
			"faces": {
				"north": {"uv": [13, 0, 16, 4], "texture": "#3"},
				"east": {"uv": [0, 0, 16, 4], "texture": "#3"},
				"south": {"uv": [3, 0, 0, 4], "texture": "#3"},
				"west": {"uv": [16, 0, 0, 4], "texture": "#3"},
				"up": {"uv": [0, 0, 16, 3], "rotation": 270, "texture": "#3"},
				"down": {"uv": [0, 0, 16, 3], "rotation": 270, "texture": "#3"}
			}
		},
		{
			"from": [0, 16, 0],
			"to": [3, 28, 3],
			"rotation": {"angle": 0, "axis": "y", "origin": [1.5, 11.5, 8]},
			"faces": {
				"north": {"uv": [13, 4, 16, 16], "texture": "#3"},
				"east": {"uv": [13, 4, 16, 16], "texture": "#3"},
				"south": {"uv": [3, 0, 15, 3], "rotation": 90, "texture": "#3"},
				"west": {"uv": [16, 4, 13, 16], "texture": "#3"},
				"down": {"uv": [0, 0, 3, 3], "rotation": 180, "texture": "#3"}
			}
		},
		{
			"from": [1.25, 16, 12],
			"to": [1.75, 28, 13],
			"rotation": {"angle": 0, "axis": "y", "origin": [1.5, 11.5, 8]},
			"faces": {
				"north": {"uv": [3, 4, 4, 16], "texture": "#3"},
				"east": {"uv": [3, 4, 4, 16], "texture": "#3"},
				"west": {"uv": [3, 4, 4, 16], "texture": "#3"},
				"down": {"uv": [3, 4, 4, 5], "rotation": 180, "texture": "#3"}
			}
		},
		{
			"from": [1.25, 16, 3],
			"to": [1.75, 28, 4],
			"rotation": {"angle": 0, "axis": "y", "origin": [1.5, 11.5, 8]},
			"faces": {
				"east": {"uv": [12, 4, 13, 16], "texture": "#3"},
				"south": {"uv": [12, 4, 13, 16], "texture": "#3"},
				"west": {"uv": [12, 4, 13, 16], "texture": "#3"},
				"down": {"uv": [12, 4, 13, 5], "rotation": 180, "texture": "#3"}
			}
		},
		{
			"from": [1.25, 16, 7],
			"to": [1.75, 18, 9],
			"rotation": {"angle": 0, "axis": "y", "origin": [1.5, 11.5, 8]},
			"faces": {
				"north": {"uv": [8, 14, 9, 16], "texture": "#3"},
				"east": {"uv": [7, 14, 9, 16], "texture": "#3"},
				"south": {"uv": [7, 14, 8, 16], "texture": "#3"},
				"west": {"uv": [9, 14, 7, 16], "texture": "#3"},
				"up": {"uv": [7, 14, 9, 15], "rotation": 270, "texture": "#3"},
				"down": {"uv": [7, 14, 8, 16], "rotation": 180, "texture": "#3"}
			}
		},
		{
			"from": [1.25, 20, 7],
			"to": [1.75, 23, 9],
			"rotation": {"angle": 0, "axis": "y", "origin": [1.5, 11.5, 8]},
			"faces": {
				"north": {"uv": [8, 9, 9, 12], "texture": "#3"},
				"east": {"uv": [7, 9, 9, 12], "texture": "#3"},
				"south": {"uv": [7, 9, 8, 12], "texture": "#3"},
				"west": {"uv": [9, 9, 7, 12], "texture": "#3"},
				"up": {"uv": [7, 9, 9, 10], "rotation": 270, "texture": "#3"},
				"down": {"uv": [7, 10, 8, 12], "rotation": 180, "texture": "#3"}
			}
		},
		{
			"from": [1.25, 25, 7],
			"to": [1.75, 28, 9],
			"rotation": {"angle": 0, "axis": "y", "origin": [1.5, 11.5, 8]},
			"faces": {
				"north": {"uv": [8, 4, 9, 7], "texture": "#3"},
				"east": {"uv": [7, 4, 9, 7], "texture": "#3"},
				"south": {"uv": [7, 4, 8, 7], "texture": "#3"},
				"west": {"uv": [9, 4, 7, 7], "texture": "#3"},
				"down": {"uv": [7, 5, 8, 7], "rotation": 180, "texture": "#3"}
			}
		},
		{
			"from": [1.25, 18, 9],
			"to": [1.75, 20, 11],
			"rotation": {"angle": 0, "axis": "y", "origin": [1.5, 11.5, 8]},
			"faces": {
				"north": {"uv": [6, 12, 7, 14], "texture": "#3"},
				"east": {"uv": [5, 12, 7, 14], "texture": "#3"},
				"west": {"uv": [7, 12, 5, 14], "texture": "#3"},
				"up": {"uv": [5, 12, 7, 13], "rotation": 270, "texture": "#3"},
				"down": {"uv": [5, 12, 6, 14], "rotation": 180, "texture": "#3"}
			}
		},
		{
			"from": [1.25, 23, 9],
			"to": [1.75, 25, 11],
			"rotation": {"angle": 0, "axis": "y", "origin": [1.5, 11.5, 8]},
			"faces": {
				"north": {"uv": [6, 7, 7, 9], "texture": "#3"},
				"east": {"uv": [5, 7, 7, 9], "texture": "#3"},
				"west": {"uv": [7, 7, 5, 9], "texture": "#3"},
				"up": {"uv": [5, 7, 7, 8], "rotation": 270, "texture": "#3"},
				"down": {"uv": [5, 7, 6, 9], "rotation": 180, "texture": "#3"}
			}
		},
		{
			"from": [1.25, 18, 5],
			"to": [1.75, 20, 7],
			"rotation": {"angle": 0, "axis": "y", "origin": [1.5, 11.5, 8]},
			"faces": {
				"east": {"uv": [9, 12, 11, 14], "texture": "#3"},
				"south": {"uv": [9, 12, 10, 14], "texture": "#3"},
				"west": {"uv": [11, 12, 9, 14], "texture": "#3"},
				"up": {"uv": [9, 12, 11, 13], "rotation": 270, "texture": "#3"},
				"down": {"uv": [9, 12, 10, 14], "rotation": 180, "texture": "#3"}
			}
		},
		{
			"from": [1.25, 23, 5],
			"to": [1.75, 25, 7],
			"rotation": {"angle": 0, "axis": "y", "origin": [1.5, 11.5, 8]},
			"faces": {
				"east": {"uv": [9, 7, 11, 9], "texture": "#3"},
				"south": {"uv": [9, 7, 10, 9], "texture": "#3"},
				"west": {"uv": [11, 7, 9, 9], "texture": "#3"},
				"up": {"uv": [9, 7, 11, 8], "rotation": 270, "texture": "#3"},
				"down": {"uv": [9, 7, 10, 9], "rotation": 180, "texture": "#3"}
			}
		},
		{
			"from": [1.25, 17, 11],
			"to": [1.75, 21, 12],
			"rotation": {"angle": 0, "axis": "y", "origin": [1.5, 11.5, 8]},
			"faces": {
				"north": {"uv": [4, 11, 5, 15], "texture": "#3"},
				"east": {"uv": [4, 11, 5, 15], "texture": "#3"},
				"west": {"uv": [4, 11, 5, 15], "texture": "#3"},
				"up": {"uv": [4, 11, 5, 12], "rotation": 180, "texture": "#3"},
				"down": {"uv": [4, 13, 5, 14], "rotation": 180, "texture": "#3"}
			}
		},
		{
			"from": [1.25, 22, 11],
			"to": [1.75, 26, 12],
			"rotation": {"angle": 0, "axis": "y", "origin": [1.5, 11.5, 8]},
			"faces": {
				"north": {"uv": [4, 11, 5, 15], "texture": "#3"},
				"east": {"uv": [4, 11, 5, 15], "texture": "#3"},
				"west": {"uv": [4, 11, 5, 15], "texture": "#3"},
				"up": {"uv": [4, 11, 5, 12], "rotation": 180, "texture": "#3"},
				"down": {"uv": [4, 13, 5, 14], "rotation": 180, "texture": "#3"}
			}
		},
		{
			"from": [1.25, 22, 4],
			"to": [1.75, 26, 5],
			"rotation": {"angle": 0, "axis": "y", "origin": [1.5, 11.5, 8]},
			"faces": {
				"east": {"uv": [11, 11, 12, 15], "texture": "#3"},
				"south": {"uv": [11, 11, 12, 15], "texture": "#3"},
				"west": {"uv": [11, 11, 12, 15], "texture": "#3"},
				"up": {"uv": [11, 11, 12, 12], "rotation": 180, "texture": "#3"},
				"down": {"uv": [11, 13, 12, 14], "rotation": 180, "texture": "#3"}
			}
		},
		{
			"from": [1.25, 17, 4],
			"to": [1.75, 21, 5],
			"rotation": {"angle": 0, "axis": "y", "origin": [1.5, 11.5, 8]},
			"faces": {
				"east": {"uv": [11, 11, 12, 15], "texture": "#3"},
				"south": {"uv": [11, 11, 12, 15], "texture": "#3"},
				"west": {"uv": [11, 11, 12, 15], "texture": "#3"},
				"up": {"uv": [11, 11, 12, 12], "rotation": 180, "texture": "#3"},
				"down": {"uv": [11, 13, 12, 14], "rotation": 180, "texture": "#3"}
			}
		},
		{
			"from": [1.25, 17, 9],
			"to": [1.75, 18, 10],
			"rotation": {"angle": 0, "axis": "y", "origin": [1.5, 11.5, 8]},
			"faces": {
				"east": {"uv": [6, 14, 7, 15], "texture": "#3"},
				"south": {"uv": [6, 14, 7, 15], "texture": "#3"},
				"west": {"uv": [6, 14, 7, 15], "texture": "#3"},
				"down": {"uv": [6, 14, 7, 15], "rotation": 180, "texture": "#3"}
			}
		},
		{
			"from": [1.25, 17, 6],
			"to": [1.75, 18, 7],
			"rotation": {"angle": 0, "axis": "y", "origin": [1.5, 11.5, 8]},
			"faces": {
				"north": {"uv": [9, 14, 10, 15], "texture": "#3"},
				"east": {"uv": [9, 14, 10, 15], "texture": "#3"},
				"west": {"uv": [9, 14, 10, 15], "texture": "#3"},
				"down": {"uv": [9, 14, 10, 15], "rotation": 180, "texture": "#3"}
			}
		},
		{
			"from": [1.25, 20, 6],
			"to": [1.75, 21, 7],
			"rotation": {"angle": 0, "axis": "y", "origin": [1.5, 11.5, 8]},
			"faces": {
				"north": {"uv": [9, 11, 10, 12], "texture": "#3"},
				"east": {"uv": [9, 11, 10, 12], "texture": "#3"},
				"west": {"uv": [9, 11, 10, 12], "texture": "#3"},
				"up": {"uv": [9, 11, 10, 12], "rotation": 180, "texture": "#3"}
			}
		},
		{
			"from": [1.25, 20, 9],
			"to": [1.75, 21, 10],
			"rotation": {"angle": 0, "axis": "y", "origin": [1.5, 11.5, 8]},
			"faces": {
				"east": {"uv": [6, 11, 7, 12], "texture": "#3"},
				"south": {"uv": [6, 11, 7, 12], "texture": "#3"},
				"west": {"uv": [6, 11, 7, 12], "texture": "#3"},
				"up": {"uv": [6, 11, 7, 12], "rotation": 180, "texture": "#3"}
			}
		},
		{
			"from": [1.25, 25, 6],
			"to": [1.75, 26, 7],
			"rotation": {"angle": 0, "axis": "y", "origin": [1.5, 11.5, 8]},
			"faces": {
				"north": {"uv": [9, 6, 10, 7], "texture": "#3"},
				"east": {"uv": [9, 6, 10, 7], "texture": "#3"},
				"west": {"uv": [9, 6, 10, 7], "texture": "#3"},
				"up": {"uv": [9, 6, 10, 7], "rotation": 180, "texture": "#3"}
			}
		},
		{
			"from": [1.25, 25, 9],
			"to": [1.75, 26, 10],
			"rotation": {"angle": 0, "axis": "y", "origin": [1.5, 11.5, 8]},
			"faces": {
				"east": {"uv": [6, 6, 7, 7], "texture": "#3"},
				"south": {"uv": [6, 6, 7, 7], "texture": "#3"},
				"west": {"uv": [6, 6, 7, 7], "texture": "#3"},
				"up": {"uv": [6, 6, 7, 7], "rotation": 180, "texture": "#3"}
			}
		},
		{
			"from": [1.25, 27, 11],
			"to": [1.75, 28, 12],
			"rotation": {"angle": 0, "axis": "y", "origin": [1.5, 11.5, 8]},
			"faces": {
				"north": {"uv": [4, 4, 5, 5], "texture": "#3"},
				"east": {"uv": [4, 4, 5, 5], "texture": "#3"},
				"west": {"uv": [4, 4, 5, 5], "texture": "#3"},
				"down": {"uv": [4, 4, 5, 5], "rotation": 180, "texture": "#3"}
			}
		},
		{
			"from": [1.25, 27, 9],
			"to": [1.75, 28, 10],
			"rotation": {"angle": 0, "axis": "y", "origin": [1.5, 11.5, 8]},
			"faces": {
				"east": {"uv": [6, 4, 7, 5], "texture": "#3"},
				"south": {"uv": [6, 4, 7, 5], "texture": "#3"},
				"west": {"uv": [6, 4, 7, 5], "texture": "#3"},
				"down": {"uv": [6, 4, 7, 5], "rotation": 180, "texture": "#3"}
			}
		},
		{
			"from": [1.25, 27, 6],
			"to": [1.75, 28, 7],
			"rotation": {"angle": 0, "axis": "y", "origin": [1.5, 11.5, 8]},
			"faces": {
				"north": {"uv": [9, 4, 10, 5], "texture": "#3"},
				"east": {"uv": [9, 4, 10, 5], "texture": "#3"},
				"west": {"uv": [9, 4, 10, 5], "texture": "#3"},
				"down": {"uv": [9, 4, 10, 5], "rotation": 180, "texture": "#3"}
			}
		},
		{
			"from": [1.25, 27, 4],
			"to": [1.75, 28, 5],
			"rotation": {"angle": 0, "axis": "y", "origin": [1.5, 11.5, 8]},
			"faces": {
				"east": {"uv": [11, 4, 12, 5], "texture": "#3"},
				"south": {"uv": [11, 4, 12, 5], "texture": "#3"},
				"west": {"uv": [11, 4, 12, 5], "texture": "#3"},
				"down": {"uv": [11, 4, 12, 5], "rotation": 180, "texture": "#3"}
			}
		},
		{
			"from": [1.25, 22, 9],
			"to": [1.75, 23, 10],
			"rotation": {"angle": 0, "axis": "y", "origin": [1.5, 11.5, 8]},
			"faces": {
				"east": {"uv": [6, 9, 7, 10], "texture": "#3"},
				"south": {"uv": [6, 9, 7, 10], "texture": "#3"},
				"west": {"uv": [6, 9, 7, 10], "texture": "#3"},
				"down": {"uv": [6, 9, 7, 10], "rotation": 180, "texture": "#3"}
			}
		},
		{
			"from": [1.25, 22, 6],
			"to": [1.75, 23, 7],
			"rotation": {"angle": 0, "axis": "y", "origin": [1.5, 11.5, 8]},
			"faces": {
				"north": {"uv": [9, 9, 10, 10], "texture": "#3"},
				"east": {"uv": [9, 9, 10, 10], "texture": "#3"},
				"west": {"uv": [9, 9, 10, 10], "texture": "#3"},
				"down": {"uv": [9, 9, 10, 10], "rotation": 180, "texture": "#3"}
			}
		}
	],
	"display": {
		"thirdperson_righthand": {
			"rotation": [40, 50, 0],
			"translation": [0, 1, 0],
			"scale": [0.22, 0.22, 0.22]
		},
		"thirdperson_lefthand": {
			"rotation": [40, 50, 0],
			"translation": [0, -1.5, 0],
			"scale": [0.22, 0.22, 0.22]
		},
		"firstperson_righthand": {
			"rotation": [-22, 30, 0],
			"translation": [0, 1, 4],
			"scale": [0.25, 0.25, 0.25]
		},
		"firstperson_lefthand": {
			"rotation": [-16, 30, 0],
			"translation": [0, 1.5, 3],
			"scale": [0.25, 0.25, 0.25]
		},
		"ground": {
			"translation": [2, 3, 0],
			"scale": [0.25, 0.25, 0.25]
		},
		"gui": {
			"rotation": [30, 225, 0],
			"translation": [-2.5, -4.1, 0],
			"scale": [0.45, 0.45, 0.45]
		},
		"fixed": {
			"rotation": [0, -90, 0],
			"translation": [0, -3.5, 2.5],
			"scale": [0.5, 0.5, 0.5]
		}
	}
}