{
	"credit": "Made by Ecorn",
	"parent": "minecraft:block/door_top",
	"textures": {
		"bottom": "block/crimson_door_bottom",
		"top": "block/crimson_door_top"
	},
	"elements": [
		{
			"from": [-0.5, 15, 2],
			"to": [0, 16, 5],
			"faces": {
				"north": {"uv": [11, 0, 12, 1], "texture": "#bottom"},
				"east": {"uv": [11, 0, 14, 1], "texture": "#bottom"},
				"south": {"uv": [11, 0, 12, 1], "texture": "#bottom"},
				"west": {"uv": [11, 0, 14, 1], "texture": "#bottom"},
				"up": {"uv": [11, 0, 12, 1], "texture": "#bottom"},
				"down": {"uv": [11, 0, 12, 1], "texture": "#bottom"}
			}
		},
		{
			"from": [1, 0, 0],
			"to": [2, 16, 16],
			"faces": {
				"north": {"uv": [15, 0, 16, 16], "texture": "#bottom"},
				"east": {"uv": [0, 0, 16, 16], "texture": "#bottom"},
				"south": {"uv": [1, 0, 2, 16], "texture": "#bottom"},
				"west": {"uv": [16, 0, 0, 16], "texture": "#bottom"},
				"down": {"uv": [0, 15, 16, 16], "rotation": 90, "texture": "#bottom"}
			}
		},
		{
			"from": [2, 0, 5],
			"to": [3, 5, 11],
			"faces": {
				"north": {"uv": [10, 11, 11, 16], "texture": "#bottom"},
				"east": {"uv": [5, 11, 11, 16], "texture": "#bottom"},
				"south": {"uv": [5, 11, 6, 16], "texture": "#bottom"},
				"up": {"uv": [5, 11, 11, 12], "rotation": 270, "texture": "#bottom"},
				"down": {"uv": [7, 15, 13, 16], "rotation": 90, "texture": "#bottom"}
			}
		},
		{
			"from": [0, 0, 5],
			"to": [1, 5, 11],
			"faces": {
				"north": {"uv": [10, 11, 11, 16], "texture": "#bottom"},
				"south": {"uv": [5, 11, 6, 16], "texture": "#bottom"},
				"west": {"uv": [5, 11, 11, 16], "texture": "#bottom"},
				"up": {"uv": [5, 11, 11, 12], "rotation": 90, "texture": "#bottom"},
				"down": {"uv": [12, 15, 6, 16], "rotation": 270, "texture": "#bottom"}
			}
		},
		{
			"from": [2, 12, 5],
			"to": [3, 16, 11],
			"faces": {
				"north": {"uv": [10, 0, 11, 4], "texture": "#bottom"},
				"east": {"uv": [5, 0, 11, 4], "texture": "#bottom"},
				"south": {"uv": [5, 0, 6, 4], "texture": "#bottom"},
				"down": {"uv": [5, 3, 11, 4], "rotation": 90, "texture": "#bottom"}
			}
		},
		{
			"from": [0, 12, 5],
			"to": [1, 16, 11],
			"faces": {
				"north": {"uv": [10, 0, 11, 4], "texture": "#bottom"},
				"south": {"uv": [5, 0, 6, 4], "texture": "#bottom"},
				"west": {"uv": [11, 0, 5, 4], "texture": "#bottom"},
				"down": {"uv": [11, 3, 5, 4], "rotation": 270, "texture": "#bottom"}
			}
		},
		{
			"from": [2, 0, 12],
			"to": [3, 5, 16],
			"faces": {
				"north": {"uv": [3, 11, 4, 16], "texture": "#bottom"},
				"east": {"uv": [0, 11, 4, 16], "texture": "#bottom"},
				"south": {"uv": [2, 11, 3, 16], "texture": "#bottom"},
				"up": {"uv": [0, 11, 4, 12], "rotation": 270, "texture": "#bottom"},
				"down": {"uv": [1, 15, 5, 16], "rotation": 90, "texture": "#bottom"}
			}
		},
		{
			"from": [0, 0, 12],
			"to": [1, 5, 16],
			"faces": {
				"north": {"uv": [3, 11, 4, 16], "texture": "#bottom"},
				"south": {"uv": [0, 11, 1, 16], "texture": "#bottom"},
				"west": {"uv": [4, 11, 0, 16], "texture": "#bottom"},
				"up": {"uv": [4, 11, 0, 12], "rotation": 90, "texture": "#bottom"},
				"down": {"uv": [8, 15, 4, 16], "rotation": 270, "texture": "#bottom"}
			}
		},
		{
			"from": [2, 12, 12],
			"to": [3, 16, 16],
			"faces": {
				"north": {"uv": [3, 0, 4, 4], "texture": "#bottom"},
				"east": {"uv": [0, 0, 4, 4], "texture": "#bottom"},
				"south": {"uv": [2, 0, 3, 4], "texture": "#bottom"},
				"down": {"uv": [0, 3, 4, 4], "rotation": 90, "texture": "#bottom"}
			}
		},
		{
			"from": [0, 12, 12],
			"to": [1, 16, 16],
			"faces": {
				"north": {"uv": [3, 0, 4, 4], "texture": "#bottom"},
				"south": {"uv": [0, 0, 1, 4], "texture": "#bottom"},
				"west": {"uv": [4, 0, 0, 4], "texture": "#bottom"},
				"down": {"uv": [4, 3, 0, 4], "rotation": 270, "texture": "#bottom"}
			}
		},
		{
			"from": [2, 5, 15],
			"to": [3, 6, 16],
			"faces": {
				"north": {"uv": [0, 10, 1, 11], "texture": "#bottom"},
				"east": {"uv": [0, 10, 1, 11], "texture": "#bottom"},
				"south": {"uv": [2, 10, 3, 11], "texture": "#bottom"}
			}
		},
		{
			"from": [2, 11, 15],
			"to": [3, 12, 16],
			"faces": {
				"north": {"uv": [0, 4, 1, 5], "texture": "#bottom"},
				"east": {"uv": [0, 4, 1, 5], "texture": "#bottom"},
				"south": {"uv": [2, 4, 3, 5], "texture": "#bottom"}
			}
		},
		{
			"from": [0, 11, 15],
			"to": [1, 12, 16],
			"faces": {
				"north": {"uv": [0, 4, 1, 5], "texture": "#bottom"},
				"south": {"uv": [0, 4, 1, 5], "texture": "#bottom"},
				"west": {"uv": [0, 4, 1, 5], "texture": "#bottom"}
			}
		},
		{
			"from": [0, 5, 15],
			"to": [1, 6, 16],
			"faces": {
				"north": {"uv": [0, 10, 1, 11], "texture": "#bottom"},
				"south": {"uv": [0, 10, 1, 11], "texture": "#bottom"},
				"west": {"uv": [0, 10, 1, 11], "texture": "#bottom"}
			}
		},
		{
			"from": [0, 6, 1],
			"to": [1, 11, 16],
			"faces": {
				"north": {"uv": [1, 5, 2, 10], "texture": "#bottom"},
				"south": {"uv": [0, 5, 1, 10], "texture": "#bottom"},
				"west": {"uv": [15, 5, 0, 10], "texture": "#bottom"},
				"up": {"uv": [15, 5, 0, 6], "rotation": 90, "texture": "#bottom"},
				"down": {"uv": [15, 9, 0, 10], "rotation": 270, "texture": "#bottom"}
			}
		},
		{
			"from": [2, 6, 1],
			"to": [3, 11, 16],
			"faces": {
				"north": {"uv": [1, 5, 2, 10], "texture": "#bottom"},
				"east": {"uv": [0, 5, 15, 10], "texture": "#bottom"},
				"south": {"uv": [2, 5, 3, 10], "texture": "#bottom"},
				"up": {"uv": [15, 5, 0, 6], "rotation": 90, "texture": "#bottom"},
				"down": {"uv": [15, 9, 0, 10], "rotation": 270, "texture": "#bottom"}
			}
		},
		{
			"from": [0, 0, 1],
			"to": [1, 5, 4],
			"faces": {
				"north": {"uv": [12, 11, 13, 16], "texture": "#bottom"},
				"south": {"uv": [14, 11, 15, 16], "texture": "#bottom"},
				"west": {"uv": [15, 11, 12, 16], "texture": "#bottom"},
				"up": {"uv": [12, 11, 15, 12], "rotation": 270, "texture": "#bottom"},
				"down": {"uv": [12, 15, 15, 16], "rotation": 270, "texture": "#bottom"}
			}
		},
		{
			"from": [2, 0, 1],
			"to": [3, 5, 4],
			"faces": {
				"north": {"uv": [12, 11, 13, 16], "texture": "#bottom"},
				"east": {"uv": [12, 11, 15, 16], "texture": "#bottom"},
				"south": {"uv": [14, 11, 15, 16], "texture": "#bottom"},
				"up": {"uv": [12, 11, 15, 12], "rotation": 270, "texture": "#bottom"},
				"down": {"uv": [12, 15, 15, 16], "rotation": 270, "texture": "#bottom"}
			}
		},
		{
			"from": [2, 12, 1],
			"to": [3, 16, 4],
			"faces": {
				"north": {"uv": [14, 0, 15, 4], "texture": "#bottom"},
				"east": {"uv": [12, 0, 15, 4], "texture": "#bottom"},
				"south": {"uv": [12, 0, 13, 4], "texture": "#bottom"},
				"down": {"uv": [12, 3, 15, 4], "rotation": 270, "texture": "#bottom"}
			}
		},
		{
			"from": [0, 12, 1],
			"to": [1, 16, 4],
			"faces": {
				"north": {"uv": [14, 0, 15, 4], "texture": "#bottom"},
				"south": {"uv": [12, 0, 13, 4], "texture": "#bottom"},
				"west": {"uv": [15, 0, 12, 4], "texture": "#bottom"},
				"down": {"uv": [12, 3, 15, 4], "rotation": 270, "texture": "#bottom"}
			}
		},
		{
			"from": [3, 15, 2],
			"to": [3.5, 16, 5],
			"faces": {
				"north": {"uv": [11, 0, 12, 1], "texture": "#bottom"},
				"east": {"uv": [11, 0, 14, 1], "texture": "#bottom"},
				"south": {"uv": [11, 0, 12, 1], "texture": "#bottom"},
				"west": {"uv": [11, 0, 14, 1], "texture": "#bottom"},
				"up": {"uv": [11, 0, 12, 1], "texture": "#bottom"},
				"down": {"uv": [11, 0, 12, 1], "texture": "#bottom"}
			}
		},
		{
			"from": [1, 16, 0],
			"to": [2, 32, 16],
			"faces": {
				"north": {"uv": [15, 0, 16, 16], "texture": "#top"},
				"east": {"uv": [0, 0, 16, 16], "texture": "#top"},
				"south": {"uv": [1, 0, 2, 16], "texture": "#top"},
				"west": {"uv": [16, 0, 0, 16], "texture": "#top"},
				"up": {"uv": [0, 0, 16, 1], "rotation": 270, "texture": "#top"}
			}
		},
		{
			"from": [2, 16, 12],
			"to": [3, 21, 16],
			"faces": {
				"north": {"uv": [3, 11, 4, 16], "texture": "#top"},
				"east": {"uv": [0, 11, 4, 16], "texture": "#top"},
				"south": {"uv": [2, 11, 3, 16], "texture": "#top"},
				"up": {"uv": [6, 10, 7, 14], "texture": "#top"}
			}
		},
		{
			"from": [0, 16, 12],
			"to": [1, 21, 16],
			"faces": {
				"north": {"uv": [3, 11, 4, 16], "texture": "#top"},
				"south": {"uv": [0, 11, 1, 16], "texture": "#top"},
				"west": {"uv": [4, 11, 0, 16], "texture": "#top"},
				"up": {"uv": [8, 15, 7, 11], "rotation": 180, "texture": "#top"}
			}
		},
		{
			"from": [2, 22, 1],
			"to": [3, 27, 16],
			"faces": {
				"north": {"uv": [15, 5, 14, 10], "texture": "#top"},
				"east": {"uv": [0, 5, 15, 10], "texture": "#top"},
				"south": {"uv": [2, 5, 3, 10], "texture": "#top"},
				"up": {"uv": [0, 5, 15, 6], "rotation": 270, "texture": "#top"},
				"down": {"uv": [0, 9, 15, 10], "rotation": 90, "texture": "#top"}
			}
		},
		{
			"from": [0, 22, 1],
			"to": [1, 27, 16],
			"faces": {
				"north": {"uv": [14, 5, 15, 10], "texture": "#top"},
				"south": {"uv": [0, 5, 1, 10], "texture": "#top"},
				"west": {"uv": [15, 5, 0, 10], "texture": "#top"},
				"up": {"uv": [0, 5, 15, 6], "rotation": 270, "texture": "#top"},
				"down": {"uv": [15, 9, 0, 10], "rotation": 270, "texture": "#top"}
			}
		},
		{
			"from": [0, 28, 12],
			"to": [1, 32, 16],
			"faces": {
				"north": {"uv": [3, 0, 4, 4], "texture": "#top"},
				"south": {"uv": [0, 0, 1, 4], "texture": "#top"},
				"west": {"uv": [4, 0, 0, 4], "texture": "#top"},
				"up": {"uv": [0, 0, 4, 1], "rotation": 270, "texture": "#top"},
				"down": {"uv": [12, 3, 16, 4], "rotation": 270, "texture": "#top"}
			}
		},
		{
			"from": [2, 28, 5],
			"to": [3, 32, 11],
			"faces": {
				"north": {"uv": [10, 0, 11, 4], "texture": "#top"},
				"east": {"uv": [5, 0, 11, 4], "texture": "#top"},
				"south": {"uv": [6, 0, 7, 4], "texture": "#top"},
				"up": {"uv": [12, 5, 13, 11], "texture": "#top"},
				"down": {"uv": [5, 3, 11, 4], "rotation": 90, "texture": "#top"}
			}
		},
		{
			"from": [0, 28, 5],
			"to": [1, 32, 11],
			"faces": {
				"north": {"uv": [8, 0, 9, 4], "texture": "#top"},
				"south": {"uv": [5, 0, 6, 4], "texture": "#top"},
				"west": {"uv": [5, 0, 11, 4], "texture": "#top"},
				"up": {"uv": [8, 10, 9, 16], "rotation": 180, "texture": "#top"},
				"down": {"uv": [5, 3, 11, 4], "rotation": 270, "texture": "#top"}
			}
		},
		{
			"from": [2, 28, 12],
			"to": [3, 32, 16],
			"faces": {
				"north": {"uv": [3, 0, 4, 4], "texture": "#top"},
				"east": {"uv": [0, 0, 4, 4], "texture": "#top"},
				"south": {"uv": [2, 0, 3, 4], "texture": "#top"},
				"up": {"uv": [0, 0, 4, 1], "rotation": 270, "texture": "#top"},
				"down": {"uv": [0, 3, 4, 4], "rotation": 90, "texture": "#top"}
			}
		},
		{
			"from": [0, 28, 1],
			"to": [1, 32, 4],
			"faces": {
				"north": {"uv": [14, 0, 15, 4], "texture": "#top"},
				"south": {"uv": [12, 0, 13, 4], "texture": "#top"},
				"west": {"uv": [15, 0, 12, 4], "texture": "#top"},
				"up": {"uv": [9, 1, 12, 2], "rotation": 90, "texture": "#top"},
				"down": {"uv": [15, 3, 12, 4], "rotation": 270, "texture": "#top"}
			}
		},
		{
			"from": [2, 28, 1],
			"to": [3, 32, 4],
			"faces": {
				"north": {"uv": [14, 0, 15, 4], "texture": "#top"},
				"east": {"uv": [12, 0, 15, 4], "texture": "#top"},
				"south": {"uv": [12, 0, 13, 4], "texture": "#top"},
				"up": {"uv": [9, 1, 12, 2], "rotation": 90, "texture": "#top"},
				"down": {"uv": [15, 3, 12, 4], "rotation": 270, "texture": "#top"}
			}
		},
		{
			"from": [0, 27, 15],
			"to": [1, 28, 16],
			"faces": {
				"north": {"uv": [0, 4, 1, 5], "texture": "#top"},
				"south": {"uv": [0, 4, 1, 5], "texture": "#top"},
				"west": {"uv": [0, 4, 1, 5], "texture": "#top"}
			}
		},
		{
			"from": [0, 21, 15],
			"to": [1, 22, 16],
			"faces": {
				"north": {"uv": [0, 10, 1, 11], "texture": "#top"},
				"south": {"uv": [0, 10, 1, 11], "texture": "#top"},
				"west": {"uv": [0, 10, 1, 11], "texture": "#top"}
			}
		},
		{
			"from": [2, 21, 15],
			"to": [3, 22, 16],
			"faces": {
				"north": {"uv": [0, 10, 1, 11], "texture": "#top"},
				"east": {"uv": [0, 10, 1, 11], "texture": "#top"},
				"south": {"uv": [2, 10, 3, 11], "texture": "#top"}
			}
		},
		{
			"from": [2, 27, 15],
			"to": [3, 28, 16],
			"faces": {
				"north": {"uv": [0, 4, 1, 5], "texture": "#top"},
				"east": {"uv": [0, 4, 1, 5], "texture": "#top"},
				"south": {"uv": [2, 4, 3, 5], "texture": "#top"}
			}
		},
		{
			"from": [2, 16, 5],
			"to": [3, 21, 11],
			"faces": {
				"north": {"uv": [14, 9, 15, 14], "texture": "#top"},
				"east": {"uv": [5, 11, 11, 16], "texture": "#top"},
				"south": {"uv": [6, 11, 7, 16], "texture": "#top"},
				"up": {"uv": [15, 5, 16, 11], "rotation": 180, "texture": "#top"}
			}
		},
		{
			"from": [0, 16, 1],
			"to": [1, 21, 4],
			"faces": {
				"north": {"uv": [14, 9, 15, 14], "texture": "#top"},
				"south": {"uv": [13, 11, 14, 16], "texture": "#top"},
				"west": {"uv": [15, 11, 12, 16], "texture": "#top"},
				"up": {"uv": [15, 8, 16, 11], "rotation": 180, "texture": "#top"}
			}
		},
		{
			"from": [2, 16, 1],
			"to": [3, 21, 4],
			"faces": {
				"north": {"uv": [14, 9, 15, 14], "texture": "#top"},
				"east": {"uv": [12, 11, 15, 16], "texture": "#top"},
				"south": {"uv": [13, 11, 14, 16], "texture": "#top"},
				"up": {"uv": [15, 8, 16, 11], "rotation": 180, "texture": "#top"}
			}
		},
		{
			"from": [0, 16, 5],
			"to": [1, 21, 11],
			"faces": {
				"north": {"uv": [10, 9, 11, 14], "texture": "#top"},
				"south": {"uv": [6, 11, 7, 16], "texture": "#top"},
				"west": {"uv": [11, 11, 5, 16], "texture": "#top"},
				"up": {"uv": [15, 5, 16, 11], "rotation": 180, "texture": "#top"}
			}
		},
		{
			"from": [3, 16, 1],
			"to": [3.5, 18, 2],
			"faces": {
				"north": {"uv": [14, 14, 14.5, 16], "texture": "#top"},
				"east": {"uv": [14, 14, 15, 16], "texture": "#top"},
				"south": {"uv": [14, 14, 14.5, 16], "texture": "#top"},
				"up": {"uv": [14, 14, 14.5, 15], "rotation": 180, "texture": "#top"},
				"down": {"uv": [14, 14, 14.5, 15], "rotation": 180, "texture": "#top"}
			}
		},
		{
			"from": [3, 16, 5],
			"to": [3.5, 18, 6],
			"faces": {
				"north": {"uv": [14, 14, 14.5, 16], "texture": "#top"},
				"east": {"uv": [14, 14, 15, 16], "texture": "#top"},
				"south": {"uv": [14, 14, 14.5, 16], "texture": "#top"},
				"up": {"uv": [14, 14, 14.5, 15], "rotation": 180, "texture": "#top"},
				"down": {"uv": [14, 14, 14.5, 15], "rotation": 180, "texture": "#top"}
			}
		},
		{
			"from": [-0.5, 16, 5],
			"to": [0, 18, 6],
			"faces": {
				"north": {"uv": [14, 14, 14.5, 16], "texture": "#top"},
				"south": {"uv": [14, 14, 14.5, 16], "texture": "#top"},
				"west": {"uv": [14, 14, 15, 16], "texture": "#top"},
				"up": {"uv": [14, 14, 14.5, 15], "rotation": 180, "texture": "#top"},
				"down": {"uv": [14, 14, 14.5, 15], "rotation": 180, "texture": "#top"}
			}
		},
		{
			"from": [-0.5, 16, 1],
			"to": [0, 18, 2],
			"faces": {
				"north": {"uv": [14, 14, 14.5, 16], "texture": "#top"},
				"south": {"uv": [14, 14, 14.5, 16], "texture": "#top"},
				"west": {"uv": [14, 14, 15, 16], "texture": "#top"},
				"up": {"uv": [14, 14, 14.5, 15], "rotation": 180, "texture": "#top"},
				"down": {"uv": [14, 14, 14.5, 15], "rotation": 180, "texture": "#top"}
			}
		}
	],
	"display": {
		"thirdperson_righthand": {
			"rotation": [40, 50, 0],
			"translation": [0, 1, 0],
			"scale": [0.22, 0.22, 0.22]
		},
		"thirdperson_lefthand": {
			"rotation": [40, 50, 0],
			"translation": [0, -1.5, 0],
			"scale": [0.22, 0.22, 0.22]
		},
		"firstperson_righthand": {
			"rotation": [-22, 30, 0],
			"translation": [0, 1, 4],
			"scale": [0.25, 0.25, 0.25]
		},
		"firstperson_lefthand": {
			"rotation": [-16, 30, 0],
			"translation": [0, 1.5, 3],
			"scale": [0.25, 0.25, 0.25]
		},
		"ground": {
			"translation": [2, 3, 0],
			"scale": [0.25, 0.25, 0.25]
		},
		"gui": {
			"rotation": [30, 225, 0],
			"translation": [-2.5, -4.1, 0],
			"scale": [0.45, 0.45, 0.45]
		},
		"fixed": {
			"rotation": [0, -90, 0],
			"translation": [0, -3.5, 2.5],
			"scale": [0.5, 0.5, 0.5]
		}
	},
	"groups": [
		{
			"name": "crimson_door_bottom",
			"origin": [0, 0, 0],
			"color": 0,
			"children": [0, 1, 2, 3, 4, 5, 6, 7, 8, 9, 10, 11, 12, 13, 14, 15, 16, 17, 18, 19, 20]
		},
		{
			"name": "crimson_door_top",
			"origin": [0, 0, 0],
			"color": 0,
			"children": [21, 22, 23, 24, 25, 26, 27, 28, 29, 30, 31, 32, 33, 34, 35, 36, 37, 38, 39, 40, 41, 42, 43]
		}
	]
}