{
	"credit": "Made by Ecorn",
	"textures": {
		"0": "block/iron_door_bottom",
		"particle": "block/iron_door_top",
		"1_0": "block/iron_door_top"
	},
	"elements": [
		{
			"from": [0, 0, 0],
			"to": [3, 16, 16],
			"faces": {
				"north": {"uv": [1, 0, 4, 16], "texture": "#0"},
				"east": {"uv": [0, 0, 16, 16], "texture": "#0"},
				"south": {"uv": [3, 0, 0, 16], "texture": "#0"},
				"west": {"uv": [16, 0, 0, 16], "texture": "#0"},
				"down": {"uv": [1, 0, 4, 16], "texture": "#0"}
			}
		},
		{
			"from": [0, 16, 0],
			"to": [3, 32, 3],
			"faces": {
				"north": {"uv": [16, 0, 13, 16], "texture": "#1_0"},
				"east": {"uv": [13, 0, 16, 16], "texture": "#1_0"},
				"south": {"uv": [13, 0, 16, 16], "texture": "#1_0"},
				"west": {"uv": [16, 0, 13, 16], "texture": "#1_0"},
				"up": {"uv": [0, 0, 3, 3], "texture": "#1_0"}
			}
		},
		{
			"from": [0, 16, 13],
			"to": [3, 32, 16],
			"faces": {
				"north": {"uv": [16, 0, 13, 16], "texture": "#1_0"},
				"east": {"uv": [0, 0, 3, 16], "texture": "#1_0"},
				"south": {"uv": [3, 0, 0, 16], "texture": "#1_0"},
				"west": {"uv": [3, 0, 0, 16], "texture": "#1_0"},
				"up": {"uv": [13, 3, 16, 0], "texture": "#1_0"}
			}
		},
		{
			"from": [0, 16, 3],
			"to": [3, 21, 13],
			"faces": {
				"east": {"uv": [3, 11, 13, 16], "texture": "#1_0"},
				"west": {"uv": [13, 11, 3, 16], "texture": "#1_0"},
				"up": {"uv": [3, 11, 13, 14], "rotation": 90, "texture": "#1_0"}
			}
		},
		{
			"from": [0, 29, 3],
			"to": [3, 32, 13],
			"faces": {
				"east": {"uv": [3, 0, 13, 3], "texture": "#1_0"},
				"west": {"uv": [13, 0, 3, 3], "texture": "#1_0"},
				"up": {"uv": [13, 3, 16, 13], "texture": "#1_0"},
				"down": {"uv": [3, 11, 13, 14], "rotation": 90, "texture": "#1_0"}
			}
		},
		{
			"from": [0, 24, 3],
			"to": [3, 26, 13],
			"faces": {
				"east": {"uv": [3, 6, 13, 8], "texture": "#1_0"},
				"west": {"uv": [13, 6, 3, 8], "texture": "#1_0"},
				"up": {"uv": [3, 14, 13, 11], "rotation": 90, "texture": "#1_0"},
				"down": {"uv": [13, 0, 16, 16], "texture": "#1_0"}
			}
		},
		{
			"from": [0, 26, 7],
			"to": [3, 29, 9],
			"faces": {
				"north": {"uv": [12, 0, 15, 3], "texture": "#1_0"},
				"east": {"uv": [7, 3, 9, 6], "texture": "#1_0"},
				"south": {"uv": [3, 11, 6, 14], "texture": "#1_0"},
				"west": {"uv": [9, 3, 7, 6], "texture": "#1_0"}
			}
		},
		{
			"from": [0, 21, 7],
			"to": [3, 24, 9],
			"faces": {
				"north": {"uv": [5, 13, 8, 16], "texture": "#1_0"},
				"east": {"uv": [7, 8, 9, 11], "texture": "#1_0"},
				"south": {"uv": [4, 11, 7, 14], "texture": "#1_0"},
				"west": {"uv": [9, 8, 7, 11], "texture": "#1_0"}
			}
		},
		{
			"from": [-0.5, 16, 4],
			"to": [0, 17, 5],
			"faces": {
				"north": {"uv": [11, 15, 12, 16], "texture": "#1_0"},
				"south": {"uv": [11, 15, 12, 16], "texture": "#1_0"},
				"west": {"uv": [11, 15, 12, 16], "texture": "#1_0"},
				"down": {"uv": [11, 15, 12, 16], "rotation": 180, "texture": "#1_0"}
			}
		},
		{
			"from": [3, 16, 4],
			"to": [3.5, 17, 5],
			"faces": {
				"north": {"uv": [11, 15, 12, 16], "texture": "#1_0"},
				"east": {"uv": [11, 15, 12, 16], "texture": "#1_0"},
				"south": {"uv": [11, 15, 12, 16], "texture": "#1_0"},
				"down": {"uv": [11, 15, 12, 16], "rotation": 180, "texture": "#1_0"}
			}
		},
		{
			"from": [-0.5, 17, 2],
			"to": [0, 18, 5],
			"faces": {
				"north": {"uv": [13, 14, 14, 15], "texture": "#1_0"},
				"south": {"uv": [11, 14, 12, 15], "texture": "#1_0"},
				"west": {"uv": [14, 14, 11, 15], "texture": "#1_0"},
				"up": {"uv": [11, 14, 14, 15], "rotation": 270, "texture": "#1_0"},
				"down": {"uv": [13, 14, 14, 15], "rotation": 180, "texture": "#1_0"}
			}
		},
		{
			"from": [3, 17, 2],
			"to": [3.5, 18, 5],
			"faces": {
				"north": {"uv": [13, 14, 14, 15], "texture": "#1_0"},
				"east": {"uv": [14, 14, 11, 15], "rotation": 180, "texture": "#1_0"},
				"south": {"uv": [11, 14, 12, 15], "texture": "#1_0"},
				"up": {"uv": [11, 14, 14, 15], "rotation": 270, "texture": "#1_0"},
				"down": {"uv": [13, 14, 14, 15], "rotation": 180, "texture": "#1_0"}
			}
		}
	],
	"display": {
		"thirdperson_righthand": {
			"rotation": [40, 50, 0],
			"translation": [0, 1, 0],
			"scale": [0.22, 0.22, 0.22]
		},
		"thirdperson_lefthand": {
			"rotation": [40, 50, 0],
			"translation": [0, -1.5, 0],
			"scale": [0.22, 0.22, 0.22]
		},
		"firstperson_righthand": {
			"rotation": [-22, 30, 0],
			"translation": [0, 1, 4],
			"scale": [0.25, 0.25, 0.25]
		},
		"firstperson_lefthand": {
			"rotation": [-16, 30, 0],
			"translation": [0, 1.5, 3],
			"scale": [0.25, 0.25, 0.25]
		},
		"ground": {
			"translation": [2, 3, 0],
			"scale": [0.25, 0.25, 0.25]
		},
		"gui": {
			"rotation": [30, 225, 0],
			"translation": [-2.5, -4.1, 0],
			"scale": [0.45, 0.45, 0.45]
		},
		"fixed": {
			"rotation": [0, -90, 0],
			"translation": [0, -3.5, 2.5],
			"scale": [0.5, 0.5, 0.5]
		}
	},
	"groups": [
		0,
		{
			"name": "iron_door_top",
			"origin": [8, 8, 8],
			"color": 0,
			"children": [1, 2, 3, 4, 5, 6, 7, 8, 9, 10, 11]
		}
	]
}