{
	"credit": "Made by Ecorn",
	"textures": {
		"0": "block/jungle_door_top",
		"1": "block/jungle_door_bottom",
		"particle": "block/jungle_door_top"
	},
	"elements": [
		{
			"from": [0, 16, 0],
			"to": [3, 32, 4],
			"faces": {
				"north": {"uv": [1, 0, 4, 16], "texture": "#0"},
				"east": {"uv": [12, 0, 16, 16], "texture": "#0"},
				"south": {"uv": [12, 0, 15, 16], "texture": "#0"},
				"west": {"uv": [16, 0, 12, 16], "texture": "#0"},
				"up": {"uv": [1, 0, 4, 4], "texture": "#0"}
			}
		},
		{
			"from": [0, 16, 12],
			"to": [3, 32, 16],
			"faces": {
				"north": {"uv": [1, 0, 4, 16], "texture": "#0"},
				"east": {"uv": [0, 0, 4, 16], "texture": "#0"},
				"south": {"uv": [3, 0, 0, 16], "texture": "#0"},
				"west": {"uv": [4, 0, 0, 16], "texture": "#0"},
				"up": {"uv": [1, 7, 4, 3], "texture": "#0"}
			}
		},
		{
			"from": [0, 16, 4],
			"to": [3, 20, 12],
			"faces": {
				"east": {"uv": [4, 12, 12, 16], "texture": "#0"},
				"west": {"uv": [12, 12, 4, 16], "texture": "#0"},
				"up": {"uv": [1, 0, 4, 8], "texture": "#0"}
			}
		},
		{
			"from": [0, 22, 4],
			"to": [3, 24, 12],
			"faces": {
				"east": {"uv": [4, 8, 12, 10], "texture": "#0"},
				"west": {"uv": [12, 8, 4, 10], "texture": "#0"},
				"up": {"uv": [1, 0, 4, 8], "texture": "#0"},
				"down": {"uv": [1, 0, 4, 8], "texture": "#0"}
			}
		},
		{
			"from": [0, 29, 4],
			"to": [3, 32, 12],
			"faces": {
				"east": {"uv": [4, 0, 12, 3], "texture": "#0"},
				"west": {"uv": [12, 0, 4, 3], "texture": "#0"},
				"up": {"uv": [1, 0, 4, 8], "texture": "#0"},
				"down": {"uv": [1, 0, 4, 8], "texture": "#0"}
			}
		},
		{
			"from": [0, 28, 4],
			"to": [3, 29, 7],
			"faces": {
				"east": {"uv": [9, 3, 12, 4], "texture": "#0"},
				"south": {"uv": [1, 2, 4, 3], "texture": "#0"},
				"west": {"uv": [12, 3, 9, 4], "texture": "#0"},
				"down": {"uv": [1, 2, 4, 5], "texture": "#0"}
			}
		},
		{
			"from": [0, 27, 4],
			"to": [3, 28, 5],
			"faces": {
				"east": {"uv": [11, 4, 12, 5], "texture": "#0"},
				"south": {"uv": [1, 5, 4, 6], "texture": "#0"},
				"west": {"uv": [5, 4, 4, 5], "texture": "#0"},
				"down": {"uv": [1, 2, 4, 3], "texture": "#0"}
			}
		},
		{
			"from": [0, 27, 11],
			"to": [3, 28, 12],
			"faces": {
				"north": {"uv": [1, 2, 4, 3], "texture": "#0"},
				"east": {"uv": [4, 4, 5, 5], "texture": "#0"},
				"west": {"uv": [12, 4, 11, 5], "texture": "#0"},
				"down": {"uv": [1, 2, 4, 3], "texture": "#0"}
			}
		},
		{
			"from": [0, 28, 9],
			"to": [3, 29, 12],
			"faces": {
				"north": {"uv": [1, 1, 4, 2], "texture": "#0"},
				"east": {"uv": [4, 3, 7, 4], "texture": "#0"},
				"west": {"uv": [7, 3, 4, 4], "texture": "#0"},
				"down": {"uv": [1, 3, 4, 6], "texture": "#0"}
			}
		},
		{
			"from": [0, 24, 9],
			"to": [3, 28, 10],
			"faces": {
				"north": {"uv": [1, 2, 4, 8], "texture": "#0"},
				"east": {"uv": [6, 4, 7, 8], "texture": "#0"},
				"south": {"uv": [1, 0, 4, 6], "texture": "#0"},
				"west": {"uv": [7, 4, 6, 8], "texture": "#0"}
			}
		},
		{
			"from": [0, 20, 10],
			"to": [3, 22, 12],
			"faces": {
				"north": {"uv": [1, 2, 4, 4], "texture": "#0"},
				"east": {"uv": [4, 10, 6, 12], "texture": "#0"},
				"west": {"uv": [6, 10, 4, 12], "texture": "#0"}
			}
		},
		{
			"from": [0, 20, 9],
			"to": [3, 21, 10],
			"faces": {
				"north": {"uv": [1, 3, 4, 4], "texture": "#0"},
				"east": {"uv": [6, 11, 7, 12], "texture": "#0"},
				"west": {"uv": [10, 11, 9, 12], "texture": "#0"},
				"up": {"uv": [1, 3, 4, 4], "texture": "#0"}
			}
		},
		{
			"from": [0, 20, 6],
			"to": [3, 21, 7],
			"faces": {
				"east": {"uv": [9, 11, 10, 12], "texture": "#0"},
				"south": {"uv": [1, 2, 4, 3], "texture": "#0"},
				"west": {"uv": [7, 11, 6, 12], "texture": "#0"},
				"up": {"uv": [1, 3, 4, 4], "texture": "#0"}
			}
		},
		{
			"from": [0, 20, 4],
			"to": [3, 22, 6],
			"faces": {
				"east": {"uv": [10, 10, 12, 12], "texture": "#0"},
				"south": {"uv": [1, 4, 4, 5], "texture": "#0"},
				"west": {"uv": [12, 10, 10, 12], "texture": "#0"}
			}
		},
		{
			"from": [0, 24, 6],
			"to": [3, 28, 7],
			"faces": {
				"north": {"uv": [1, 1, 4, 7], "texture": "#0"},
				"east": {"uv": [9, 4, 10, 8], "texture": "#0"},
				"south": {"uv": [1, 3, 4, 8], "texture": "#0"},
				"west": {"uv": [10, 4, 9, 8], "texture": "#0"}
			}
		},
		{
			"from": [-0.5, 16, 4],
			"to": [0, 17, 5],
			"faces": {
				"north": {"uv": [11, 15, 12, 16], "texture": "#0"},
				"south": {"uv": [11, 15, 12, 16], "texture": "#0"},
				"west": {"uv": [11, 15, 12, 16], "texture": "#0"},
				"down": {"uv": [11, 15, 12, 16], "rotation": 180, "texture": "#0"}
			}
		},
		{
			"from": [3, 16, 4],
			"to": [3.5, 17, 5],
			"faces": {
				"north": {"uv": [11, 15, 12, 16], "texture": "#0"},
				"east": {"uv": [11, 15, 12, 16], "texture": "#0"},
				"south": {"uv": [11, 15, 12, 16], "texture": "#0"},
				"down": {"uv": [11, 15, 12, 16], "rotation": 180, "texture": "#0"}
			}
		},
		{
			"from": [-0.5, 17, 2],
			"to": [0, 18, 5],
			"faces": {
				"north": {"uv": [11, 14, 12, 15], "texture": "#0"},
				"south": {"uv": [13, 14, 14, 15], "texture": "#0"},
				"west": {"uv": [11, 14, 14, 15], "texture": "#0"},
				"up": {"uv": [11, 14, 14, 15], "rotation": 90, "texture": "#0"},
				"down": {"uv": [11, 14, 14, 15], "rotation": 180, "texture": "#0"}
			}
		},
		{
			"from": [3, 17, 2],
			"to": [3.5, 18, 5],
			"faces": {
				"north": {"uv": [11, 14, 12, 15], "texture": "#0"},
				"east": {"uv": [14, 14, 11, 15], "texture": "#0"},
				"south": {"uv": [13, 14, 14, 15], "texture": "#0"},
				"up": {"uv": [11, 14, 14, 15], "rotation": 90, "texture": "#0"},
				"down": {"uv": [11, 14, 14, 15], "rotation": 180, "texture": "#0"}
			}
		},
		{
			"from": [0, 0, 0],
			"to": [3, 16, 16],
			"faces": {
				"north": {"uv": [1, 0, 4, 16], "texture": "#1"},
				"east": {"uv": [0, 0, 16, 16], "texture": "#1"},
				"south": {"uv": [3, 0, 0, 16], "texture": "#1"},
				"west": {"uv": [16, 0, 0, 16], "texture": "#1"},
				"down": {"uv": [1, 0, 4, 16], "rotation": 180, "texture": "#1"}
			}
		}
	],
	"display": {
		"thirdperson_righthand": {
			"rotation": [40, 50, 0],
			"translation": [0, 1, 0],
			"scale": [0.22, 0.22, 0.22]
		},
		"thirdperson_lefthand": {
			"rotation": [40, 50, 0],
			"translation": [0, -1.5, 0],
			"scale": [0.22, 0.22, 0.22]
		},
		"firstperson_righthand": {
			"rotation": [-22, 30, 0],
			"translation": [0, 1, 4],
			"scale": [0.25, 0.25, 0.25]
		},
		"firstperson_lefthand": {
			"rotation": [-16, 30, 0],
			"translation": [0, 1.5, 3],
			"scale": [0.25, 0.25, 0.25]
		},
		"ground": {
			"translation": [2, 3, 0],
			"scale": [0.25, 0.25, 0.25]
		},
		"gui": {
			"rotation": [30, 225, 0],
			"translation": [-2.5, -4.1, 0],
			"scale": [0.45, 0.45, 0.45]
		},
		"fixed": {
			"rotation": [0, -90, 0],
			"translation": [0, -3.5, 2.5],
			"scale": [0.5, 0.5, 0.5]
		}
	},
	"groups": [
		0,
		1,
		2,
		3,
		4,
		5,
		6,
		7,
		8,
		9,
		10,
		11,
		12,
		13,
		14,
		15,
		16,
		17,
		18,
		{
			"name": "jungle_door_top",
			"origin": [8, 8, 8],
			"color": 0,
			"children": []
		},
		19
	]
}