{
	"credit": "Made by Ecorn",
	"textures": {
		"1": "block/bamboo_door_top",
		"particle": "block/bamboo_door_top"
	},
	"elements": [
		{
			"from": [0, 12, 0],
			"to": [3, 16, 16],
			"faces": {
				"north": {"uv": [3, 0, 0, 4], "texture": "#1"},
				"east": {"uv": [16, 0, 0, 4], "texture": "#1"},
				"south": {"uv": [16, 0, 13, 4], "texture": "#1"},
				"west": {"uv": [0, 0, 16, 4], "texture": "#1"},
				"up": {"uv": [0, 0, 16, 3], "rotation": 270, "texture": "#1"},
				"down": {"uv": [13, 0, 16, 16], "rotation": 180, "texture": "#1"}
			}
		},
		{
			"from": [0, 0, 12],
			"to": [3, 12, 16],
			"faces": {
				"north": {"uv": [12, 3, 15, 15], "texture": "#1"},
				"east": {"uv": [16, 4, 12, 16], "texture": "#1"},
				"south": {"uv": [12, 4, 15, 16], "texture": "#1"},
				"west": {"uv": [12, 4, 16, 16], "texture": "#1"}
			}
		},
		{
			"from": [0, 0, 0],
			"to": [3, 12, 4],
			"faces": {
				"north": {"uv": [3, 4, 0, 16], "texture": "#1"},
				"east": {"uv": [4, 4, 0, 16], "texture": "#1"},
				"south": {"uv": [0, 3, 3, 15], "texture": "#1"},
				"west": {"uv": [0, 4, 4, 16], "texture": "#1"}
			}
		},
		{
			"from": [0, 0, 6],
			"to": [3, 1, 10],
			"faces": {
				"east": {"uv": [6, 15, 10, 16], "texture": "#1"},
				"west": {"uv": [6, 15, 10, 16], "texture": "#1"},
				"up": {"uv": [1, 11, 4, 15], "texture": "#1"}
			}
		},
		{
			"from": [1, 2, 6],
			"to": [2, 3, 10],
			"faces": {
				"east": {"uv": [6, 13, 10, 14], "texture": "#1"},
				"west": {"uv": [6, 13, 10, 14], "texture": "#1"},
				"up": {"uv": [10, 13, 6, 14], "rotation": 90, "texture": "#1"},
				"down": {"uv": [6, 13, 10, 14], "rotation": 90, "texture": "#1"}
			}
		},
		{
			"from": [1, 10, 6],
			"to": [2, 11, 10],
			"faces": {
				"east": {"uv": [6, 5, 10, 6], "texture": "#1"},
				"west": {"uv": [6, 5, 10, 6], "texture": "#1"},
				"up": {"uv": [10, 5, 6, 6], "rotation": 90, "texture": "#1"},
				"down": {"uv": [6, 5, 10, 6], "rotation": 90, "texture": "#1"}
			}
		},
		{
			"from": [1, 10, 4],
			"to": [2, 11, 5],
			"faces": {
				"east": {"uv": [0, 0, 1, 1], "texture": "#1"},
				"west": {"uv": [0, 0, 1, 1], "texture": "#1"},
				"up": {"uv": [0, 0, 1, 1], "texture": "#1"},
				"down": {"uv": [0, 0, 1, 1], "texture": "#1"}
			}
		},
		{
			"from": [1, 8, 4],
			"to": [2, 9, 5],
			"faces": {
				"east": {"uv": [0, 0, 1, 1], "texture": "#1"},
				"west": {"uv": [0, 0, 1, 1], "texture": "#1"},
				"up": {"uv": [0, 0, 1, 1], "texture": "#1"},
				"down": {"uv": [0, 0, 1, 1], "texture": "#1"}
			}
		},
		{
			"from": [1, 6, 4],
			"to": [2, 7, 5],
			"faces": {
				"east": {"uv": [0, 0, 1, 1], "texture": "#1"},
				"west": {"uv": [0, 0, 1, 1], "texture": "#1"},
				"up": {"uv": [0, 0, 1, 1], "texture": "#1"},
				"down": {"uv": [0, 0, 1, 1], "texture": "#1"}
			}
		},
		{
			"from": [1, 4, 4],
			"to": [2, 5, 5],
			"faces": {
				"east": {"uv": [0, 0, 1, 1], "texture": "#1"},
				"west": {"uv": [0, 0, 1, 1], "texture": "#1"},
				"up": {"uv": [0, 0, 1, 1], "texture": "#1"},
				"down": {"uv": [0, 0, 1, 1], "texture": "#1"}
			}
		},
		{
			"from": [1, 2, 4],
			"to": [2, 3, 5],
			"faces": {
				"east": {"uv": [0, 0, 1, 1], "texture": "#1"},
				"west": {"uv": [0, 0, 1, 1], "texture": "#1"},
				"up": {"uv": [0, 0, 1, 1], "texture": "#1"},
				"down": {"uv": [0, 0, 1, 1], "texture": "#1"}
			}
		},
		{
			"from": [1, 0, 4],
			"to": [2, 1, 5],
			"faces": {
				"east": {"uv": [0, 0, 1, 1], "texture": "#1"},
				"west": {"uv": [0, 0, 1, 1], "texture": "#1"},
				"up": {"uv": [0, 0, 1, 1], "texture": "#1"}
			}
		},
		{
			"from": [1, 0, 11],
			"to": [2, 1, 12],
			"faces": {
				"east": {"uv": [0, 0, 1, 1], "texture": "#1"},
				"west": {"uv": [0, 0, 1, 1], "texture": "#1"},
				"up": {"uv": [0, 0, 1, 1], "texture": "#1"}
			}
		},
		{
			"from": [1, 2, 11],
			"to": [2, 3, 12],
			"faces": {
				"east": {"uv": [0, 0, 1, 1], "texture": "#1"},
				"west": {"uv": [0, 0, 1, 1], "texture": "#1"},
				"up": {"uv": [0, 0, 1, 1], "texture": "#1"},
				"down": {"uv": [0, 0, 1, 1], "texture": "#1"}
			}
		},
		{
			"from": [1, 4, 11],
			"to": [2, 5, 12],
			"faces": {
				"east": {"uv": [0, 0, 1, 1], "texture": "#1"},
				"west": {"uv": [0, 0, 1, 1], "texture": "#1"},
				"up": {"uv": [0, 0, 1, 1], "texture": "#1"},
				"down": {"uv": [0, 0, 1, 1], "texture": "#1"}
			}
		},
		{
			"from": [1, 6, 11],
			"to": [2, 7, 12],
			"faces": {
				"east": {"uv": [0, 0, 1, 1], "texture": "#1"},
				"west": {"uv": [0, 0, 1, 1], "texture": "#1"},
				"up": {"uv": [0, 0, 1, 1], "texture": "#1"},
				"down": {"uv": [0, 0, 1, 1], "texture": "#1"}
			}
		},
		{
			"from": [1, 8, 11],
			"to": [2, 9, 12],
			"faces": {
				"east": {"uv": [0, 0, 1, 1], "texture": "#1"},
				"west": {"uv": [0, 0, 1, 1], "texture": "#1"},
				"up": {"uv": [0, 0, 1, 1], "texture": "#1"},
				"down": {"uv": [0, 0, 1, 1], "texture": "#1"}
			}
		},
		{
			"from": [1, 10, 11],
			"to": [2, 11, 12],
			"faces": {
				"east": {"uv": [0, 0, 1, 1], "texture": "#1"},
				"west": {"uv": [0, 0, 1, 1], "texture": "#1"},
				"up": {"uv": [0, 0, 1, 1], "texture": "#1"},
				"down": {"uv": [0, 0, 1, 1], "texture": "#1"}
			}
		},
		{
			"from": [0, 0, 10],
			"to": [3, 12, 11],
			"faces": {
				"north": {"uv": [12, 4, 15, 16], "texture": "#1"},
				"east": {"uv": [10, 4, 11, 16], "texture": "#1"},
				"south": {"uv": [1, 4, 4, 16], "texture": "#1"},
				"west": {"uv": [10, 4, 11, 16], "texture": "#1"}
			}
		},
		{
			"from": [0, 0, 5],
			"to": [3, 12, 6],
			"faces": {
				"north": {"uv": [12, 4, 15, 16], "texture": "#1"},
				"east": {"uv": [10, 4, 11, 16], "texture": "#1"},
				"south": {"uv": [1, 4, 4, 16], "texture": "#1"},
				"west": {"uv": [10, 4, 11, 16], "texture": "#1"}
			}
		}
	]
}