{
	"credit": "Made by Ecorn",
	"textures": {
		"2": "block/cherry_door_top",
		"particle": "block/cherry_door_top"
	},
	"elements": [
		{
			"from": [0, 0, 0],
			"to": [3, 12, 3],
			"faces": {
				"north": {"uv": [3, 4, 0, 16], "texture": "#2"},
				"east": {"uv": [3, 4, 0, 16], "texture": "#2"},
				"south": {"uv": [3, 0, 15, 3], "rotation": 90, "texture": "#2"},
				"west": {"uv": [0, 4, 3, 16], "texture": "#2"},
				"down": {"uv": [0, 0, 3, 3], "texture": "#2"}
			}
		},
		{
			"from": [0, 12, 0],
			"to": [3, 16, 16],
			"faces": {
				"north": {"uv": [3, 0, 0, 4], "texture": "#2"},
				"east": {"uv": [16, 0, 0, 4], "texture": "#2"},
				"south": {"uv": [13, 0, 16, 4], "texture": "#2"},
				"west": {"uv": [0, 0, 16, 4], "texture": "#2"},
				"up": {"uv": [0, 0, 16, 3], "rotation": 90, "texture": "#2"},
				"down": {"uv": [0, 0, 16, 3], "rotation": 90, "texture": "#2"}
			}
		},
		{
			"from": [0, 0, 13],
			"to": [3, 12, 16],
			"faces": {
				"north": {"uv": [3, 0, 15, 3], "rotation": 90, "texture": "#2"},
				"east": {"uv": [16, 4, 13, 16], "texture": "#2"},
				"south": {"uv": [13, 4, 16, 16], "texture": "#2"},
				"west": {"uv": [13, 4, 16, 16], "texture": "#2"},
				"down": {"uv": [0, 0, 3, 3], "texture": "#2"}
			}
		},
		{
			"from": [1.25, 0, 3],
			"to": [1.75, 12, 4],
			"faces": {
				"east": {"uv": [3, 4, 4, 16], "texture": "#2"},
				"south": {"uv": [3, 4, 4, 16], "texture": "#2"},
				"west": {"uv": [3, 4, 4, 16], "texture": "#2"},
				"down": {"uv": [3, 4, 4, 5], "texture": "#2"}
			}
		},
		{
			"from": [1.25, 0, 12],
			"to": [1.75, 12, 13],
			"faces": {
				"north": {"uv": [12, 4, 13, 16], "texture": "#2"},
				"east": {"uv": [12, 4, 13, 16], "texture": "#2"},
				"west": {"uv": [12, 4, 13, 16], "texture": "#2"},
				"down": {"uv": [12, 4, 13, 5], "texture": "#2"}
			}
		},
		{
			"from": [1.25, 0, 7],
			"to": [1.75, 2, 9],
			"faces": {
				"north": {"uv": [7, 14, 8, 16], "texture": "#2"},
				"east": {"uv": [9, 14, 7, 16], "texture": "#2"},
				"south": {"uv": [8, 14, 9, 16], "texture": "#2"},
				"west": {"uv": [7, 14, 9, 16], "texture": "#2"},
				"up": {"uv": [7, 14, 9, 15], "rotation": 90, "texture": "#2"},
				"down": {"uv": [7, 14, 8, 16], "texture": "#2"}
			}
		},
		{
			"from": [1.25, 4, 7],
			"to": [1.75, 7, 9],
			"faces": {
				"north": {"uv": [7, 9, 8, 12], "texture": "#2"},
				"east": {"uv": [9, 9, 7, 12], "texture": "#2"},
				"south": {"uv": [8, 9, 9, 12], "texture": "#2"},
				"west": {"uv": [7, 9, 9, 12], "texture": "#2"},
				"up": {"uv": [7, 9, 9, 10], "rotation": 90, "texture": "#2"},
				"down": {"uv": [7, 10, 8, 12], "texture": "#2"}
			}
		},
		{
			"from": [1.25, 9, 7],
			"to": [1.75, 12, 9],
			"faces": {
				"north": {"uv": [7, 4, 8, 7], "texture": "#2"},
				"east": {"uv": [9, 4, 7, 7], "texture": "#2"},
				"south": {"uv": [8, 4, 9, 7], "texture": "#2"},
				"west": {"uv": [7, 4, 9, 7], "texture": "#2"},
				"down": {"uv": [7, 5, 8, 7], "texture": "#2"}
			}
		},
		{
			"from": [1.25, 2, 5],
			"to": [1.75, 4, 7],
			"faces": {
				"east": {"uv": [7, 12, 5, 14], "texture": "#2"},
				"south": {"uv": [6, 12, 7, 14], "texture": "#2"},
				"west": {"uv": [5, 12, 7, 14], "texture": "#2"},
				"up": {"uv": [5, 12, 7, 13], "rotation": 90, "texture": "#2"},
				"down": {"uv": [5, 12, 6, 14], "texture": "#2"}
			}
		},
		{
			"from": [1.25, 7, 5],
			"to": [1.75, 9, 7],
			"faces": {
				"east": {"uv": [7, 7, 5, 9], "texture": "#2"},
				"south": {"uv": [6, 7, 7, 9], "texture": "#2"},
				"west": {"uv": [5, 7, 7, 9], "texture": "#2"},
				"up": {"uv": [5, 7, 7, 8], "rotation": 90, "texture": "#2"},
				"down": {"uv": [5, 7, 6, 9], "texture": "#2"}
			}
		},
		{
			"from": [1.25, 2, 9],
			"to": [1.75, 4, 11],
			"faces": {
				"north": {"uv": [9, 12, 10, 14], "texture": "#2"},
				"east": {"uv": [11, 12, 9, 14], "texture": "#2"},
				"west": {"uv": [9, 12, 11, 14], "texture": "#2"},
				"up": {"uv": [9, 12, 11, 13], "rotation": 90, "texture": "#2"},
				"down": {"uv": [9, 12, 10, 14], "texture": "#2"}
			}
		},
		{
			"from": [1.25, 7, 9],
			"to": [1.75, 9, 11],
			"faces": {
				"north": {"uv": [9, 7, 10, 9], "texture": "#2"},
				"east": {"uv": [11, 7, 9, 9], "texture": "#2"},
				"west": {"uv": [9, 7, 11, 9], "texture": "#2"},
				"up": {"uv": [9, 7, 11, 8], "rotation": 90, "texture": "#2"},
				"down": {"uv": [9, 7, 10, 9], "texture": "#2"}
			}
		},
		{
			"from": [1.25, 1, 4],
			"to": [1.75, 5, 5],
			"faces": {
				"east": {"uv": [4, 11, 5, 15], "texture": "#2"},
				"south": {"uv": [4, 11, 5, 15], "texture": "#2"},
				"west": {"uv": [4, 11, 5, 15], "texture": "#2"},
				"up": {"uv": [4, 11, 5, 12], "texture": "#2"},
				"down": {"uv": [4, 13, 5, 14], "texture": "#2"}
			}
		},
		{
			"from": [1.25, 6, 4],
			"to": [1.75, 10, 5],
			"faces": {
				"east": {"uv": [4, 11, 5, 15], "texture": "#2"},
				"south": {"uv": [4, 11, 5, 15], "texture": "#2"},
				"west": {"uv": [4, 11, 5, 15], "texture": "#2"},
				"up": {"uv": [4, 11, 5, 12], "texture": "#2"},
				"down": {"uv": [4, 13, 5, 14], "texture": "#2"}
			}
		},
		{
			"from": [1.25, 6, 11],
			"to": [1.75, 10, 12],
			"faces": {
				"north": {"uv": [11, 11, 12, 15], "texture": "#2"},
				"east": {"uv": [11, 11, 12, 15], "texture": "#2"},
				"west": {"uv": [11, 11, 12, 15], "texture": "#2"},
				"up": {"uv": [11, 11, 12, 12], "texture": "#2"},
				"down": {"uv": [11, 13, 12, 14], "texture": "#2"}
			}
		},
		{
			"from": [1.25, 1, 11],
			"to": [1.75, 5, 12],
			"faces": {
				"north": {"uv": [11, 11, 12, 15], "texture": "#2"},
				"east": {"uv": [11, 11, 12, 15], "texture": "#2"},
				"west": {"uv": [11, 11, 12, 15], "texture": "#2"},
				"up": {"uv": [11, 11, 12, 12], "texture": "#2"},
				"down": {"uv": [11, 13, 12, 14], "texture": "#2"}
			}
		},
		{
			"from": [1.25, 1, 6],
			"to": [1.75, 2, 7],
			"faces": {
				"north": {"uv": [6, 14, 7, 15], "texture": "#2"},
				"east": {"uv": [6, 14, 7, 15], "texture": "#2"},
				"west": {"uv": [6, 14, 7, 15], "texture": "#2"},
				"down": {"uv": [6, 14, 7, 15], "texture": "#2"}
			}
		},
		{
			"from": [1.25, 1, 9],
			"to": [1.75, 2, 10],
			"faces": {
				"east": {"uv": [9, 14, 10, 15], "texture": "#2"},
				"south": {"uv": [9, 14, 10, 15], "texture": "#2"},
				"west": {"uv": [9, 14, 10, 15], "texture": "#2"},
				"down": {"uv": [9, 14, 10, 15], "texture": "#2"}
			}
		},
		{
			"from": [1.25, 4, 9],
			"to": [1.75, 5, 10],
			"faces": {
				"east": {"uv": [9, 11, 10, 12], "texture": "#2"},
				"south": {"uv": [9, 11, 10, 12], "texture": "#2"},
				"west": {"uv": [9, 11, 10, 12], "texture": "#2"},
				"up": {"uv": [9, 11, 10, 12], "texture": "#2"}
			}
		},
		{
			"from": [1.25, 4, 6],
			"to": [1.75, 5, 7],
			"faces": {
				"north": {"uv": [6, 11, 7, 12], "texture": "#2"},
				"east": {"uv": [6, 11, 7, 12], "texture": "#2"},
				"west": {"uv": [6, 11, 7, 12], "texture": "#2"},
				"up": {"uv": [6, 11, 7, 12], "texture": "#2"}
			}
		},
		{
			"from": [1.25, 9, 9],
			"to": [1.75, 10, 10],
			"faces": {
				"east": {"uv": [9, 6, 10, 7], "texture": "#2"},
				"south": {"uv": [9, 6, 10, 7], "texture": "#2"},
				"west": {"uv": [9, 6, 10, 7], "texture": "#2"},
				"up": {"uv": [9, 6, 10, 7], "texture": "#2"}
			}
		},
		{
			"from": [1.25, 9, 6],
			"to": [1.75, 10, 7],
			"faces": {
				"north": {"uv": [6, 6, 7, 7], "texture": "#2"},
				"east": {"uv": [6, 6, 7, 7], "texture": "#2"},
				"west": {"uv": [6, 6, 7, 7], "texture": "#2"},
				"up": {"uv": [6, 6, 7, 7], "texture": "#2"}
			}
		},
		{
			"from": [1.25, 11, 4],
			"to": [1.75, 12, 5],
			"faces": {
				"east": {"uv": [4, 4, 5, 5], "texture": "#2"},
				"south": {"uv": [4, 4, 5, 5], "texture": "#2"},
				"west": {"uv": [4, 4, 5, 5], "texture": "#2"},
				"down": {"uv": [4, 4, 5, 5], "texture": "#2"}
			}
		},
		{
			"from": [1.25, 11, 6],
			"to": [1.75, 12, 7],
			"faces": {
				"north": {"uv": [6, 4, 7, 5], "texture": "#2"},
				"east": {"uv": [6, 4, 7, 5], "texture": "#2"},
				"west": {"uv": [6, 4, 7, 5], "texture": "#2"},
				"down": {"uv": [6, 4, 7, 5], "texture": "#2"}
			}
		},
		{
			"from": [1.25, 11, 9],
			"to": [1.75, 12, 10],
			"faces": {
				"east": {"uv": [9, 4, 10, 5], "texture": "#2"},
				"south": {"uv": [9, 4, 10, 5], "texture": "#2"},
				"west": {"uv": [9, 4, 10, 5], "texture": "#2"},
				"down": {"uv": [9, 4, 10, 5], "texture": "#2"}
			}
		},
		{
			"from": [1.25, 11, 11],
			"to": [1.75, 12, 12],
			"faces": {
				"north": {"uv": [11, 4, 12, 5], "texture": "#2"},
				"east": {"uv": [11, 4, 12, 5], "texture": "#2"},
				"west": {"uv": [11, 4, 12, 5], "texture": "#2"},
				"down": {"uv": [11, 4, 12, 5], "texture": "#2"}
			}
		},
		{
			"from": [1.25, 6, 6],
			"to": [1.75, 7, 7],
			"faces": {
				"north": {"uv": [6, 9, 7, 10], "texture": "#2"},
				"east": {"uv": [6, 9, 7, 10], "texture": "#2"},
				"west": {"uv": [6, 9, 7, 10], "texture": "#2"},
				"down": {"uv": [6, 9, 7, 10], "texture": "#2"}
			}
		},
		{
			"from": [1.25, 6, 9],
			"to": [1.75, 7, 10],
			"faces": {
				"east": {"uv": [9, 9, 10, 10], "texture": "#2"},
				"south": {"uv": [9, 9, 10, 10], "texture": "#2"},
				"west": {"uv": [9, 9, 10, 10], "texture": "#2"},
				"down": {"uv": [9, 9, 10, 10], "texture": "#2"}
			}
		}
	]
}