{
	"credit": "Made by Ecorn",
	"textures": {
		"1": "block/weathered_copper_trapdoor",
		"particle": "block/weathered_copper_trapdoor"
	},
	"elements": [
		{
			"from": [0, 0, 0],
			"to": [16, 3, 3],
			"faces": {
				"north": {"uv": [0, 13, 16, 16], "texture": "#1"},
				"east": {"uv": [13, 13, 16, 16], "texture": "#1"},
				"south": {"uv": [0, 13, 16, 16], "texture": "#1"},
				"west": {"uv": [0, 13, 3, 16], "texture": "#1"},
				"up": {"uv": [0, 16, 16, 13], "texture": "#1"},
				"down": {"uv": [13, 0, 16, 16], "rotation": 90, "texture": "#1"}
			}
		},
		{
			"from": [0, 0, 13],
			"to": [16, 3, 16],
			"faces": {
				"north": {"uv": [0, 13, 16, 16], "texture": "#1"},
				"east": {"uv": [0, 13, 3, 16], "texture": "#1"},
				"south": {"uv": [0, 13, 16, 16], "texture": "#1"},
				"west": {"uv": [13, 13, 16, 16], "texture": "#1"},
				"up": {"uv": [0, 3, 16, 0], "texture": "#1"},
				"down": {"uv": [0, 0, 3, 16], "rotation": 90, "texture": "#1"}
			}
		},
		{
			"from": [13, 0, 3],
			"to": [16, 3, 13],
			"faces": {
				"east": {"uv": [3, 13, 13, 16], "texture": "#1"},
				"west": {"uv": [3, 13, 13, 16], "texture": "#1"},
				"up": {"uv": [13, 13, 16, 3], "texture": "#1"},
				"down": {"uv": [3, 0, 13, 3], "rotation": 90, "texture": "#1"}
			}
		},
		{
			"from": [0, 0, 3],
			"to": [3, 3, 13],
			"faces": {
				"east": {"uv": [3, 13, 13, 16], "texture": "#1"},
				"west": {"uv": [3, 13, 13, 16], "texture": "#1"},
				"up": {"uv": [0, 13, 3, 3], "texture": "#1"},
				"down": {"uv": [3, 13, 13, 16], "rotation": 90, "texture": "#1"}
			}
		},
		{
			"from": [3, 0.5, 11],
			"to": [5, 2.5, 13],
			"faces": {
				"north": {"uv": [6, 14, 8, 16], "texture": "#1"},
				"east": {"uv": [6, 14, 8, 16], "texture": "#1"},
				"up": {"uv": [3, 5, 5, 3], "texture": "#1"},
				"down": {"uv": [3, 11, 5, 13], "rotation": 90, "texture": "#1"}
			}
		},
		{
			"from": [5, 0.5, 9],
			"to": [7, 2.5, 11],
			"faces": {
				"north": {"uv": [6, 14, 8, 16], "texture": "#1"},
				"east": {"uv": [6, 14, 8, 16], "texture": "#1"},
				"south": {"uv": [6, 14, 8, 16], "texture": "#1"},
				"west": {"uv": [6, 14, 8, 16], "texture": "#1"},
				"up": {"uv": [5, 7, 7, 5], "texture": "#1"},
				"down": {"uv": [5, 9, 7, 11], "rotation": 90, "texture": "#1"}
			}
		},
		{
			"from": [3, 0.5, 3],
			"to": [5, 2.5, 5],
			"faces": {
				"east": {"uv": [6, 14, 8, 16], "texture": "#1"},
				"south": {"uv": [6, 14, 8, 16], "texture": "#1"},
				"up": {"uv": [3, 13, 5, 11], "texture": "#1"},
				"down": {"uv": [11, 11, 13, 13], "rotation": 90, "texture": "#1"}
			}
		},
		{
			"from": [5, 0.5, 5],
			"to": [7, 2.5, 7],
			"faces": {
				"north": {"uv": [6, 14, 8, 16], "texture": "#1"},
				"east": {"uv": [6, 14, 8, 16], "texture": "#1"},
				"south": {"uv": [6, 14, 8, 16], "texture": "#1"},
				"west": {"uv": [6, 14, 8, 16], "texture": "#1"},
				"up": {"uv": [5, 11, 7, 9], "texture": "#1"},
				"down": {"uv": [9, 9, 11, 11], "rotation": 90, "texture": "#1"}
			}
		},
		{
			"from": [11, 0.5, 3],
			"to": [13, 2.5, 5],
			"faces": {
				"south": {"uv": [6, 14, 8, 16], "texture": "#1"},
				"west": {"uv": [6, 14, 8, 16], "texture": "#1"},
				"up": {"uv": [11, 13, 13, 11], "texture": "#1"},
				"down": {"uv": [11, 3, 13, 5], "rotation": 90, "texture": "#1"}
			}
		},
		{
			"from": [9, 0.5, 5],
			"to": [11, 2.5, 7],
			"faces": {
				"north": {"uv": [6, 14, 8, 16], "texture": "#1"},
				"east": {"uv": [6, 14, 8, 16], "texture": "#1"},
				"south": {"uv": [6, 14, 8, 16], "texture": "#1"},
				"west": {"uv": [6, 14, 8, 16], "texture": "#1"},
				"up": {"uv": [9, 11, 11, 9], "texture": "#1"},
				"down": {"uv": [9, 5, 11, 7], "rotation": 90, "texture": "#1"}
			}
		},
		{
			"from": [7, 0.5, 6],
			"to": [9, 2.5, 7],
			"faces": {
				"north": {"uv": [6, 14, 8, 16], "texture": "#1"},
				"south": {"uv": [6, 14, 8, 16], "texture": "#1"},
				"up": {"uv": [7, 10, 9, 9], "texture": "#1"},
				"down": {"uv": [9, 7, 10, 9], "rotation": 90, "texture": "#1"}
			}
		},
		{
			"from": [7, 0.5, 9],
			"to": [9, 2.5, 10],
			"faces": {
				"north": {"uv": [6, 14, 8, 16], "texture": "#1"},
				"south": {"uv": [6, 14, 8, 16], "texture": "#1"},
				"up": {"uv": [7, 7, 9, 6], "texture": "#1"},
				"down": {"uv": [6, 7, 7, 9], "rotation": 90, "texture": "#1"}
			}
		},
		{
			"from": [11, 0.5, 5],
			"to": [12, 2.5, 6],
			"faces": {
				"east": {"uv": [6, 14, 7, 16], "texture": "#1"},
				"south": {"uv": [6, 14, 7, 16], "texture": "#1"},
				"up": {"uv": [11, 11, 12, 10], "texture": "#1"},
				"down": {"uv": [9, 5, 10, 6], "rotation": 90, "texture": "#1"}
			}
		},
		{
			"from": [10, 0.5, 4],
			"to": [11, 2.5, 5],
			"faces": {
				"north": {"uv": [6, 14, 7, 16], "texture": "#1"},
				"west": {"uv": [6, 14, 7, 16], "texture": "#1"},
				"up": {"uv": [10, 12, 11, 11], "texture": "#1"},
				"down": {"uv": [10, 6, 11, 7], "rotation": 90, "texture": "#1"}
			}
		},
		{
			"from": [5, 0.5, 4],
			"to": [6, 2.5, 5],
			"faces": {
				"north": {"uv": [6, 14, 7, 16], "texture": "#1"},
				"east": {"uv": [6, 14, 7, 16], "texture": "#1"},
				"up": {"uv": [5, 12, 6, 11], "texture": "#1"},
				"down": {"uv": [11, 10, 12, 11], "rotation": 90, "texture": "#1"}
			}
		},
		{
			"from": [4, 0.5, 5],
			"to": [5, 2.5, 6],
			"faces": {
				"south": {"uv": [6, 14, 7, 16], "texture": "#1"},
				"west": {"uv": [6, 14, 7, 16], "texture": "#1"},
				"up": {"uv": [4, 11, 5, 10], "texture": "#1"},
				"down": {"uv": [10, 11, 11, 12], "rotation": 90, "texture": "#1"}
			}
		},
		{
			"from": [4, 0.5, 10],
			"to": [5, 2.5, 11],
			"faces": {
				"north": {"uv": [6, 14, 7, 16], "texture": "#1"},
				"west": {"uv": [6, 14, 7, 16], "texture": "#1"},
				"up": {"uv": [4, 6, 5, 5], "texture": "#1"},
				"down": {"uv": [5, 11, 6, 12], "rotation": 90, "texture": "#1"}
			}
		},
		{
			"from": [5, 0.5, 11],
			"to": [6, 2.5, 12],
			"faces": {
				"east": {"uv": [6, 14, 7, 16], "texture": "#1"},
				"south": {"uv": [6, 14, 7, 16], "texture": "#1"},
				"up": {"uv": [5, 5, 6, 4], "texture": "#1"},
				"down": {"uv": [4, 10, 5, 11], "rotation": 90, "texture": "#1"}
			}
		},
		{
			"from": [10, 0.5, 11],
			"to": [11, 2.5, 12],
			"faces": {
				"south": {"uv": [6, 14, 7, 16], "texture": "#1"},
				"west": {"uv": [6, 14, 7, 16], "texture": "#1"},
				"up": {"uv": [10, 5, 11, 4], "texture": "#1"},
				"down": {"uv": [4, 5, 5, 6], "rotation": 90, "texture": "#1"}
			}
		},
		{
			"from": [11, 0.5, 10],
			"to": [12, 2.5, 11],
			"faces": {
				"north": {"uv": [6, 14, 7, 16], "texture": "#1"},
				"east": {"uv": [6, 14, 7, 16], "texture": "#1"},
				"up": {"uv": [11, 6, 12, 5], "texture": "#1"},
				"down": {"uv": [5, 4, 6, 5], "rotation": 90, "texture": "#1"}
			}
		},
		{
			"from": [11, 0.5, 11],
			"to": [13, 2.5, 13],
			"faces": {
				"north": {"uv": [6, 14, 8, 16], "texture": "#1"},
				"west": {"uv": [6, 14, 8, 16], "texture": "#1"},
				"up": {"uv": [11, 5, 13, 3], "texture": "#1"},
				"down": {"uv": [3, 3, 5, 5], "rotation": 90, "texture": "#1"}
			}
		},
		{
			"from": [9, 0.5, 9],
			"to": [11, 2.5, 11],
			"faces": {
				"north": {"uv": [6, 14, 8, 16], "texture": "#1"},
				"east": {"uv": [6, 14, 8, 16], "texture": "#1"},
				"south": {"uv": [6, 14, 8, 16], "texture": "#1"},
				"west": {"uv": [6, 14, 8, 16], "texture": "#1"},
				"up": {"uv": [9, 7, 11, 5], "texture": "#1"},
				"down": {"uv": [5, 5, 7, 7], "rotation": 90, "texture": "#1"}
			}
		},
		{
			"from": [9, 0.5, 7],
			"to": [10, 2.5, 9],
			"faces": {
				"east": {"uv": [6, 14, 8, 16], "texture": "#1"},
				"west": {"uv": [6, 14, 8, 16], "texture": "#1"},
				"up": {"uv": [9, 9, 10, 7], "texture": "#1"},
				"down": {"uv": [7, 6, 9, 7], "rotation": 90, "texture": "#1"}
			}
		},
		{
			"from": [6, 0.5, 7],
			"to": [7, 2.5, 9],
			"faces": {
				"east": {"uv": [6, 14, 8, 16], "texture": "#1"},
				"west": {"uv": [6, 14, 8, 16], "texture": "#1"},
				"up": {"uv": [6, 9, 7, 7], "texture": "#1"},
				"down": {"uv": [7, 9, 9, 10], "rotation": 90, "texture": "#1"}
			}
		},
		{
			"from": [12, -0.5, 2],
			"to": [14, 0.5, 4],
			"faces": {
				"north": {"uv": [12, 3, 14, 4], "texture": "#1"},
				"east": {"uv": [12, 2, 14, 3], "texture": "#1"},
				"south": {"uv": [14, 2, 12, 3], "texture": "#1"},
				"west": {"uv": [14, 3, 12, 4], "texture": "#1"},
				"down": {"uv": [12, 2, 14, 4], "rotation": 90, "texture": "#1"}
			}
		},
		{
			"from": [2, -0.5, 2],
			"to": [4, 0.5, 4],
			"faces": {
				"north": {"uv": [12, 13, 14, 14], "texture": "#1"},
				"east": {"uv": [12, 12, 14, 13], "texture": "#1"},
				"south": {"uv": [14, 12, 12, 13], "texture": "#1"},
				"west": {"uv": [14, 13, 12, 14], "texture": "#1"},
				"down": {"uv": [12, 12, 14, 14], "rotation": 90, "texture": "#1"}
			}
		},
		{
			"from": [2, -0.5, 12],
			"to": [4, 0.5, 14],
			"faces": {
				"north": {"uv": [2, 13, 4, 14], "texture": "#1"},
				"east": {"uv": [2, 12, 4, 13], "texture": "#1"},
				"south": {"uv": [4, 12, 2, 13], "texture": "#1"},
				"west": {"uv": [4, 13, 2, 14], "texture": "#1"},
				"down": {"uv": [2, 12, 4, 14], "rotation": 90, "texture": "#1"}
			}
		},
		{
			"from": [12, -0.5, 12],
			"to": [14, 0.5, 14],
			"faces": {
				"north": {"uv": [2, 3, 4, 4], "texture": "#1"},
				"east": {"uv": [2, 2, 4, 3], "texture": "#1"},
				"south": {"uv": [4, 2, 2, 3], "texture": "#1"},
				"west": {"uv": [4, 3, 2, 4], "texture": "#1"},
				"down": {"uv": [2, 2, 4, 4], "rotation": 90, "texture": "#1"}
			}
		},
		{
			"from": [2, 2.5, 2],
			"to": [4, 3.5, 4],
			"faces": {
				"north": {"uv": [4, 13, 2, 14], "texture": "#1"},
				"east": {"uv": [2, 13, 4, 14], "texture": "#1"},
				"south": {"uv": [2, 12, 4, 13], "texture": "#1"},
				"west": {"uv": [4, 12, 2, 13], "texture": "#1"},
				"up": {"uv": [2, 14, 4, 12], "texture": "#1"}
			}
		},
		{
			"from": [2, 2.5, 12],
			"to": [4, 3.5, 14],
			"faces": {
				"north": {"uv": [4, 3, 2, 4], "texture": "#1"},
				"east": {"uv": [2, 3, 4, 4], "texture": "#1"},
				"south": {"uv": [2, 2, 4, 3], "texture": "#1"},
				"west": {"uv": [4, 2, 2, 3], "texture": "#1"},
				"up": {"uv": [2, 4, 4, 2], "texture": "#1"}
			}
		},
		{
			"from": [12, 2.5, 12],
			"to": [14, 3.5, 14],
			"faces": {
				"north": {"uv": [14, 3, 12, 4], "texture": "#1"},
				"east": {"uv": [12, 3, 14, 4], "texture": "#1"},
				"south": {"uv": [12, 2, 14, 3], "texture": "#1"},
				"west": {"uv": [14, 2, 12, 3], "texture": "#1"},
				"up": {"uv": [12, 4, 14, 2], "texture": "#1"}
			}
		},
		{
			"from": [12, 2.5, 2],
			"to": [14, 3.5, 4],
			"faces": {
				"north": {"uv": [14, 13, 12, 14], "texture": "#1"},
				"east": {"uv": [12, 13, 14, 14], "texture": "#1"},
				"south": {"uv": [12, 12, 14, 13], "texture": "#1"},
				"west": {"uv": [14, 12, 12, 13], "texture": "#1"},
				"up": {"uv": [12, 14, 14, 12], "texture": "#1"}
			}
		}
	],
	"display": {
		"thirdperson_righthand": {
			"rotation": [75, 45, 0],
			"translation": [0, 2.5, 2.5],
			"scale": [0.375, 0.375, 0.375]
		},
		"thirdperson_lefthand": {
			"rotation": [75, 45, 0],
			"translation": [0, 2.5, 0],
			"scale": [0.375, 0.375, 0.375]
		},
		"firstperson_righthand": {
			"rotation": [0, 45, 0],
			"translation": [0, 3.5, 0],
			"scale": [0.4, 0.4, 0.4]
		},
		"firstperson_lefthand": {
			"rotation": [0, 225, 0],
			"translation": [0, 3.5, 0],
			"scale": [0.4, 0.4, 0.4]
		},
		"ground": {
			"translation": [0, 3, 0],
			"scale": [0.25, 0.25, 0.25]
		},
		"gui": {
			"rotation": [30, 225, 0],
			"scale": [0.625, 0.625, 0.625]
		},
		"fixed": {
			"scale": [0.5, 0.5, 0.5]
		}
	}
}